policy,method,month,normal,adjustment,emergency,total,emg_kwh,waste_kwh,charge_kwh,discharge_kwh,E_start,E_end
C0,P1,2025-01,1642917.9161263462,0.0,941212.6707467255,2584130.586873072,182217.10485639636,99392.62546054047,673975.5437758667,546674.2198234939,6000.0,5162.18959439794
C0,P1,2025-02,1197749.2209533246,0.0,183941.48046293974,1381690.7014162643,41358.918392313906,96831.28421643765,600430.8920064489,487084.562677149,5162.18959439794,4344.922758925281
C0,P1,2025-03,1038992.7314734103,0.0,234151.50584140662,1273144.237314817,51675.72990642739,172076.42222756255,608501.2032859114,492347.33818942565,4344.922758925281,4943.407727994765
C0,P1,2025-04,837273.8825524742,0.0,188918.87337947564,1026192.7559319499,42084.73284366445,194807.0242367703,554621.8866138749,448452.34754839295,4943.407727994765,5822.719515601133
C0,P1,2025-05,837327.1162424872,0.0,253031.28905456053,1090358.4052970477,52823.1567264946,203031.26849784883,532764.9504630005,427151.2751231825,5822.719515601133,10698.647017654386
C0,P1,2025-06,1270932.8374590534,0.0,245821.27717869976,1516754.1146377532,52026.17434809643,149069.1046415727,542244.169985597,447457.98018525844,10698.647017654386,1542.8664655156845
C0,P1,2025-07,1559675.6457086839,0.0,385374.244144307,1945049.8898529909,69741.81299797769,202038.8012430278,539863.6607726064,437432.4264894014,1542.8664655156845,1384.13172819333
C0,P1,2025-08,1302797.791942759,0.0,263576.22751989355,1566374.0194626527,51899.14198052222,237083.5431317194,539946.7517775521,436394.6651975806,1384.13172819333,2453.2469973450843
C0,P1,2025-09,970451.065654766,0.0,443321.9447977666,1413773.0104525327,103950.04305539072,184112.8915219842,560664.9223102832,453855.00234346103,2453.2469973450843,2768.3411394210034
C0,P1,2025-10,1028173.5343916944,0.0,262524.87906225986,1290698.4134539543,56680.82798843618,192955.79789377016,623038.3334530784,500560.67570185836,2768.3411394210034,7324.312689571157
C0,P1,2025-11,1219390.7305036741,0.0,244037.59349831002,1463428.3240019842,50439.081897496646,76203.55766012256,632456.5371548621,513067.03947153816,7324.312689571157,6460.707827237988
C0,P1,2025-12,1775624.859567091,0.0,248247.9623205691,2023872.8218876603,46547.65984244858,81743.60059221019,688155.1098552609,562006.0618278775,6460.707827237988,1349.126888220054
C1,P1,2025-01,1642790.8995356355,0.0,968108.8176628705,2610899.717198506,189129.93558893004,107474.85082895236,665596.641554785,539761.3890909603,6000.0,5302.100631572905
C1,P1,2025-02,1197685.7602324644,0.0,201813.61891986034,1399499.379152325,45122.84419777944,101466.31497730642,595630.2501947959,483321.9627431676,5302.100631572905,4344.922758925281
C1,P1,2025-03,1038493.2896906898,0.0,237439.88030704865,1275933.1699977387,56665.872276164366,176882.56730134395,602425.5784181537,487382.7031531555,4344.922758925281,4991.606498424095
C1,P1,2025-04,835998.2861206892,0.0,210607.34906673664,1046605.6351874259,51504.706043171886,202974.96673270763,544036.9748959867,439887.5497727521,4991.606498424095,5860.939712865404
C1,P1,2025-05,836168.0733440089,0.0,308149.0031649826,1144317.0765089914,73956.74378878094,225926.99651623768,508263.25199877215,407248.0798605843,5860.939712865404,10800.0
C1,P1,2025-06,1270593.1990937912,0.0,269164.12197908154,1539757.321072873,60205.05112316944,158462.42712059477,532216.1247732842,439426.53784739616,10800.0,1542.803576626795
C1,P1,2025-07,1559466.149822045,0.0,388401.71797940886,1947867.867801454,80200.40032675237,214503.08785327745,527183.1769265749,427150.9750363211,1542.803576626795,1395.468325742948
C1,P1,2025-08,1302503.6699746596,0.0,278400.89839628094,1580904.5683709404,63502.77670141046,250735.87542704862,525891.4743195677,425020.09339440794,1395.468325742948,2453.2469973450843
C1,P1,2025-09,969637.484179162,0.0,480879.77708320157,1450517.2612623638,115879.32062862854,196751.0417519919,546549.9183673994,442381.4667542393,2453.2469973450843,2813.2104677386296
C1,P1,2025-10,1027959.5802116862,0.0,276812.05963703076,1304771.639848717,61621.50851695881,198607.79282361147,616901.6219198292,495629.2256137456,2813.2104677386296,7325.530624756342
C1,P1,2025-11,1219150.0726898606,0.0,291278.1111611092,1510428.1838509697,62156.328526625846,89899.25484250452,618288.6385418732,501459.83975442353,7325.530624756342,6607.705585304988
C1,P1,2025-12,1775171.3510161664,0.0,296166.3006875791,2071337.6517037456,56475.066798166605,93170.00956390044,675795.1784381032,552126.8153622401,6607.705585304988,1349.126888220054
C2,P1,2025-01,1709911.4914847384,69198.03743266778,493697.8361304081,2272807.3650478143,103517.30074711013,69321.19727407553,693828.9083806184,562630.1792957062,6000.0,5301.373880660873
C2,P1,2025-02,1155873.7323069824,31214.570080459085,186758.9457859046,1373847.248173346,42284.91387138938,43171.964564966634,613287.367573197,497623.5737438515,5301.373880660873,4344.922758925281
C2,P1,2025-03,1011478.8979960666,33714.312158475994,165122.94295151837,1210316.1531060608,40264.89765534556,113824.93415779136,629983.964782953,509718.05204169045,4344.922758925281,4977.099906149304
C2,P1,2025-04,827901.4388787227,23479.794829993687,123522.06445211111,974903.2981608275,29109.482879679497,162628.23867992702,564405.7860983426,456373.2309136131,4977.099906149304,5860.939712865404
C2,P1,2025-05,844513.2192950201,23121.19260983807,148410.51589428564,1016044.9277991438,33477.80310261689,196315.6640259989,544928.4637633112,437114.8554729469,5860.939712865404,10613.38435212668
C2,P1,2025-06,1255242.4043869963,37942.28735129855,171753.7347928811,1464938.426531176,37486.0869931393,106982.62898488954,559979.1987342117,461749.9421976615,10613.38435212668,1539.1718821823524
C2,P1,2025-07,1550647.719695345,46796.20726316382,190632.19171468745,1788076.118673196,38770.46960494853,146027.22497287608,563514.641324077,456573.18948635587,1539.1718821823524,1398.8052001228773
C2,P1,2025-08,1283936.1100918613,32549.750617487694,184342.39884952505,1500828.259558874,39191.32717479132,194197.75002675052,555437.6541470096,448955.5022415778,1398.8052001228773,2453.2469973450843
C2,P1,2025-09,967717.7714443493,28577.528741436952,355147.064707482,1351442.3648932683,87127.77554149636,153157.32772633317,571524.015491623,462515.23826373153,2453.2469973450843,2919.040646770839
C2,P1,2025-10,1005403.6254216651,33705.07443265972,194017.997185577,1233126.697039902,44897.63443715249,134432.96944307792,635816.3917075132,511218.2609981535,2919.040646770839,7133.50318558437
C2,P1,2025-11,1228688.2981842184,28638.53586020584,119948.58958945889,1377275.4236338832,27280.225557557045,56922.465083847936,643866.155539175,522003.7499858027,7133.50318558437,6608.876519950058
C2,P1,2025-12,1770324.6261911006,33459.138354148934,161266.18717165396,1965049.9517169031,32585.037251007634,57518.8872451837,698822.5410414614,570780.0473621407,6608.876519950058,1349.1108326644985
C2,P7,2025-01,1710216.0402796078,69183.3841322686,495036.82565304753,2274436.2500649244,103753.15476511743,69634.2042905337,691789.8467683822,560456.5896533823,6000.0,5881.318032230324
C2,P7,2025-02,1156243.6313446302,31800.903031950565,186236.3250324897,1374280.8594090706,42103.95917345505,43145.40755489607,614387.4166033043,499036.56319465104,5881.318032230324,4344.922758925281
C2,P7,2025-03,1011961.9040040493,33714.14560262099,165323.9537009858,1211000.003307656,40339.92712602071,112211.99277194234,638106.9213836989,515611.60668724397,4344.922758925281,5739.36679620537
C2,P7,2025-04,827890.7775592334,23807.37974495416,123831.42872414993,975529.5860283375,29157.147414535655,161612.30177930472,571764.0858616419,463019.4939229359,5739.36679620537,5860.939712865405
C2,P7,2025-05,846132.9526586044,24495.093671944003,147388.31375696865,1018016.3600875171,33033.145481348874,195722.77129323978,557941.8340322125,447655.685390757,5860.939712865405,10613.38435212668
C2,P7,2025-06,1257123.9005796101,39795.50406650172,173135.55853835715,1470054.963184469,37663.92446365863,104686.38529310578,572288.2333228017,471077.8996037805,10613.38435212668,2252.9058940032146
C2,P7,2025-07,1553133.9046033886,45737.96076509754,189728.05854819005,1788599.9239166763,38409.05316645912,147500.1322736512,576940.2908697913,468090.3262290233,2252.9058940032146,1398.8052001228773
C2,P7,2025-08,1286566.4024817795,31067.369378952077,183305.43608173335,1500939.2079424653,38963.523880000124,194276.56044466572,561324.5498373143,452653.2761472041,1398.8052001228773,3642.815445701244
C2,P7,2025-09,966742.6185072892,28488.31853590803,356085.1832394116,1351316.1202826088,87739.06188771117,152239.9960914753,564682.1544821425,457543.189582727,3642.815445701244,3475.432721044051
C2,P7,2025-10,1005453.9518286308,33320.11742647037,194900.43936777086,1233674.508622872,44963.250415063456,133962.4654403103,633391.2008916489,509801.163626253,3475.432721044051,7081.776161024656
C2,P7,2025-11,1228952.1036505634,28895.127029518004,120270.63583339023,1378117.8665134718,27319.594763705958,55028.73650478842,652558.2677492535,528319.238003839,7081.776161024656,7362.841575531704
C2,P7,2025-12,1771864.2731794158,33386.700319645024,160886.52899660886,1966137.5024956695,32393.935244890046,57273.351761630416,713529.5300849718,583371.2770374077,7362.841575531704,1349.1108326644985
