day_index,date,slot,q_kwh,c_kwh,s_kwh,z_kwh,w_kwh,E_kwh,price
78,2025-03-20T00:00:00,1,1438.72174847,833.333333333,0,0,55.5435984715,2919.05096281,0.4248
78,2025-03-20T00:00:00,2,1430.13476618,833.333333333,0,0,26.4879328477,3669.05096281,0.4245
78,2025-03-20T00:00:00,3,1429.76569535,815.914028687,0,0,0,4403.37358862,0.4269
78,2025-03-20T00:00:00,4,1433.30720305,833.333333333,0,0,20.5177030502,5153.37358862,0.4272
78,2025-03-20T00:00:00,5,1430.55668927,833.333333333,0,0,46.7784392727,5903.37358862,0.4271
78,2025-03-20T00:00:00,6,1423.85475649,833.333333333,0,0,19.3647564947,6653.37358862,0.4285
78,2025-03-20T00:00:00,7,589.391149931,0,12.1979000689,0,0,6639.82036633,0.4311
78,2025-03-20T00:00:00,8,1415.03377752,803.550027517,0,0,0,7363.01539109,0.4302
78,2025-03-20T00:00:00,9,1403.99928284,805.782616171,0,0,0,8088.21974565,0.4279
78,2025-03-20T00:00:00,10,581.020456343,0,2.91549365722,0,0,8084.98030825,0.4312
78,2025-03-20T00:00:00,11,603.068939121,12.073889121,0,0,0,8095.84680846,0.4333
78,2025-03-20T00:00:00,12,1040.88895373,442.445620392,0,0,0,8494.04786681,0.4311
78,2025-03-20T00:00:00,13,1438.59673294,833.333333333,0,0,39.2797829421,9244.04786681,0.4293
78,2025-03-20T00:00:00,14,590.282976516,44.162209849,0,0,0,9283.79385567,0.4324
78,2025-03-20T00:00:00,15,588.507595792,22.7942624584,0,0,0,9304.30869189,0.4367
78,2025-03-20T00:00:00,16,610.549508109,12.6229414427,0,0,0,9315.66933919,0.4348
78,2025-03-20T00:00:00,17,625.056256778,24.1017901118,0,0,0,9337.36095029,0.4335
78,2025-03-20T00:00:00,18,615.764788212,28.6331215453,0,0,0,9363.13075968,0.4357
78,2025-03-20T00:00:00,19,598.775008671,0,6.43529132885,0,0,9355.98043598,0.4374
78,2025-03-20T00:00:00,20,592.178136414,0,29.7142469196,0,0,9322.96460607,0.4371
78,2025-03-20T00:00:00,21,602.722837629,0,17.445495704,0,0,9303.58072195,0.4356
78,2025-03-20T00:00:00,22,621.160442411,4.53735907803,0,0,0,9307.66434512,0.4353
78,2025-03-20T00:00:00,23,611.676052521,0,0.787697479257,0,0,9306.7891257,0.436
78,2025-03-20T00:00:00,24,594.516930626,0,9.41306937389,0,0,9296.33015973,0.4378
78,2025-03-20T00:00:00,25,619.46468857,29.6700552368,0,0,0,9323.03320944,0.4401
78,2025-03-20T00:00:00,26,624.010775817,42.5467258166,0,0,0,9361.32526268,0.4389
78,2025-03-20T00:00:00,27,602.601364934,17.016364934,0,0,0,9376.63999112,0.4364
78,2025-03-20T00:00:00,28,612.661066287,12.9359329538,0,0,0,9388.28233078,0.4393
78,2025-03-20T00:00:00,29,627.676213024,10.9368963575,0,0,0,9398.1255375,0.4422
78,2025-03-20T00:00:00,30,623.733434419,0,1.86156558083,0,0,9396.0571313,0.4395
78,2025-03-20T00:00:00,31,609.573649447,0,9.86026721939,0,0,9385.10127883,0.4333
78,2025-03-20T00:00:00,32,606.23147623,0,11.6129237702,0,0,9372.1980302,0.4439
78,2025-03-20T00:00:00,33,1444.1528745,833.333333333,0,0,3.70454116405,10122.1980302,0.4301
78,2025-03-20T00:00:00,34,1443.51476131,753.11329978,0,0,114.971394859,10800,0.3713
78,2025-03-20T00:00:00,35,687.52604803,0,0,0,16.0629313638,10800,0.5708
78,2025-03-20T00:00:00,36,0,0,827.015,0,0,9881.09444444,0.9099
78,2025-03-20T00:00:00,37,0,0,791.949933333,0,0,9001.15007407,0.9368
78,2025-03-20T00:00:00,38,0,0,709.963316667,0,0,8212.30194444,0.8758
78,2025-03-20T00:00:00,39,0,0,671.370833333,0,0,7466.33435185,0.8759
78,2025-03-20T00:00:00,40,0,0,629.044866667,0,0,6767.39561111,0.8601
78,2025-03-20T00:00:00,41,0,0,586.155916667,0,0,6116.11125926,0.8442
78,2025-03-20T00:00:00,42,0,0,531.182083333,0,0,5525.90894444,0.8334
78,2025-03-20T00:00:00,43,235.188274193,0,211.387225807,0,0,5291.0342491,0.8092
78,2025-03-20T00:00:00,44,439.161607314,37.919990647,0,0,0,5325.16224069,0.7972
78,2025-03-20T00:00:00,45,383.822669006,14.2455856727,0,0,0,5337.98326779,0.7644
78,2025-03-20T00:00:00,46,304.37356631,23.6833663104,0,0,0,5359.29829747,0.6899
78,2025-03-20T00:00:00,47,0,0,334.578066667,0,0,4987.54489006,0.86
78,2025-03-20T00:00:00,48,0,0,488.179583333,0,0,4445.1231308,1.1617
78,2025-03-20T00:00:00,49,0,0,482.80385,0,0,3908.67440858,1.1683
78,2025-03-20T00:00:00,50,0,0,438.3714,0,0,3421.59507525,1.0956
78,2025-03-20T00:00:00,51,0,0,411.1575,0,0,2964.75340858,1.0849
78,2025-03-20T00:00:00,52,0,0,332.672183333,0,0,2595.11764932,1.061
78,2025-03-20T00:00:00,53,0,0,278.005133333,0,0,2286.22305673,1.043
78,2025-03-20T00:00:00,54,0,0,262.820416667,0,0,1994.20037154,1.036
78,2025-03-20T00:00:00,55,0,0,221.283766667,0,0,1748.32951969,1.0147
78,2025-03-20T00:00:00,56,0,0,150.518366667,0,0,1581.08689006,0.9922
78,2025-03-20T00:00:00,57,0,0,77.1854166667,0,0,1495.32531599,0.97
78,2025-03-20T00:00:00,58,0,0,36.09475,0,0,1455.22003821,0.9422
78,2025-03-20T00:00:00,59,0,0,41.25735,0,0,1409.37853821,0.9569
78,2025-03-20T00:00:00,60,0,0,45.2070833333,0,0,1359.14844562,0.9977
78,2025-03-20T00:00:00,61,0,16.20875,0,0,0,1373.73632062,0.9919
78,2025-03-20T00:00:00,62,0,54.7878,0,0,0,1423.04534062,0.9588
78,2025-03-20T00:00:00,63,0,67.5775,0,0,0,1483.86509062,0.9549
78,2025-03-20T00:00:00,64,0,135.713066667,0,0,0,1606.00685062,0.9839
78,2025-03-20T00:00:00,65,0,183.836566667,0,0,0,1771.45976062,0.799
78,2025-03-20T00:00:00,66,704.846905829,833.333333333,0,0,35.3635724956,2521.45976062,0.5025
78,2025-03-20T00:00:00,67,702.277836846,812.215220179,0,0,0,3252.45345878,0.4662
78,2025-03-20T00:00:00,68,681.854469677,791.695619677,0,0,0,3964.97951649,0.5007
78,2025-03-20T00:00:00,69,655.482483513,815.059566846,0,0,0,4698.53312665,0.4827
78,2025-03-20T00:00:00,70,661.893171632,833.333333333,0,0,8.82745496492,5448.53312665,0.4785
78,2025-03-20T00:00:00,71,649.32547135,833.333333333,0,0,25.2272546829,6198.53312665,0.4662
78,2025-03-20T00:00:00,72,603.491760022,833.333333333,0,0,45.1800933555,6948.53312665,0.4432
78,2025-03-20T00:00:00,73,580.612324343,833.333333333,0,0,101.300307677,7698.53312665,0.4411
78,2025-03-20T00:00:00,74,574.188848484,833.333333333,0,0,113.412315151,8448.53312665,0.4551
78,2025-03-20T00:00:00,75,574.288345435,833.333333333,0,0,45.2387621014,9198.53312665,0.4463
78,2025-03-20T00:00:00,76,603.989071748,803.818505082,0,0,0,9921.96978122,0.4113
78,2025-03-20T00:00:00,77,387.650001137,560.748234471,0,0,0,10426.6431922,0.5682
78,2025-03-20T00:00:00,78,0,195.736666667,0,0,0,10602.8061922,0.8279
78,2025-03-20T00:00:00,79,0,138.075566667,0,0,0,10727.0742022,0.8636
78,2025-03-20T00:00:00,80,0,81.0286641692,0,0,9.27171916416,10800,0.8416
78,2025-03-20T00:00:00,81,0,0,0,0,95.11875,10800,0.8618
78,2025-03-20T00:00:00,82,0,0,0,0,102.199116667,10800,0.8623
78,2025-03-20T00:00:00,83,0,0,0,0,104.792733333,10800,0.9026
78,2025-03-20T00:00:00,84,0,0,0,0,86.655,10800,0.9754
78,2025-03-20T00:00:00,85,0,0,0,0,28.3552333333,10800,1.0002
78,2025-03-20T00:00:00,86,0,0,18.5539,0,0,10779.3845556,0.9978
78,2025-03-20T00:00:00,87,0,0,39.5170833333,0,0,10735.4766852,1.0271
78,2025-03-20T00:00:00,88,0,0,70.2932833333,0,0,10657.373037,1.0906
78,2025-03-20T00:00:00,89,0,0,126.358516667,0,0,10516.9746852,0.9376
78,2025-03-20T00:00:00,90,207.065907668,26.4217410012,0,0,0,10540.7542521,0.6694
78,2025-03-20T00:00:00,91,780.907966042,288.050831015,0,0,295.53856836,10800,0.66
78,2025-03-20T00:00:00,92,267.133586337,0,0,0,18.32681967,10800,0.7217
78,2025-03-20T00:00:00,93,313.834963727,0,26.3075362729,0,0,10770.7694041,0.7308
78,2025-03-20T00:00:00,94,376.307743661,0,26.4745230058,0,0,10741.3532675,0.7534
78,2025-03-20T00:00:00,95,416.140348762,0,36.3121012382,0,0,10701.0064883,0.7823
78,2025-03-20T00:00:00,96,441.530632368,0,65.7935342988,0,0,10627.9025613,0.8055
78,2025-03-20T00:00:00,97,501.933372972,0,60.3281770276,0,0,10560.8712535,0.8271
78,2025-03-20T00:00:00,98,569.003380721,0,30.0638359456,0,0,10527.4669913,0.8519
78,2025-03-20T00:00:00,99,624.130485503,0,6.62576449684,0,0,10520.1050308,0.8791
78,2025-03-20T00:00:00,100,679.566126694,0,9.16942330624,0,0,10509.9167827,0.9024
78,2025-03-20T00:00:00,101,734.861050075,0,7.86323325859,0,0,10501.1798568,0.9163
78,2025-03-20T00:00:00,102,791.151385851,3.73846918393,0,0,0,10504.5444791,0.9264
78,2025-03-20T00:00:00,103,840.186709378,0,3.04574062207,0,0,10501.1603229,0.9462
78,2025-03-20T00:00:00,104,874.95697591,1.10179257622,0,0,0,10502.1519362,0.9742
78,2025-03-20T00:00:00,105,926.600196489,21.8764464893,0,0,0,10521.840738,0.9862
78,2025-03-20T00:00:00,106,1013.49872208,40.407972081,0,0,0,10558.2079129,0.976
78,2025-03-20T00:00:00,107,932.416936224,59.4137528911,0,0,0,10611.6802905,1.0742
78,2025-03-20T00:00:00,108,739.242566883,56.8892335499,0,0,0,10662.8806007,1.2313
78,2025-03-20T00:00:00,109,710.809199569,12.8119162353,0,0,0,10674.4113253,1.2561
78,2025-03-20T00:00:00,110,736.536718425,0,2.77149824117,0,0,10671.3318828,1.2447
78,2025-03-20T00:00:00,111,732.918628679,23.6769620124,0,0,0,10692.6411486,1.2545
78,2025-03-20T00:00:00,112,740.944967111,26.5221504444,0,0,0,10716.511084,1.2522
78,2025-03-20T00:00:00,113,296.534277351,0,448.440055982,0,0,10218.2443551,1.2881
78,2025-03-20T00:00:00,114,0,0,763.206666667,0,0,9370.23694774,1.3466
78,2025-03-20T00:00:00,115,0,0,746.718033333,0,0,8540.55024403,1.3523
78,2025-03-20T00:00:00,116,0,0,714.2555,0,0,7746.93302181,1.3445
78,2025-03-20T00:00:00,117,0,0,699.463333333,0,0,6969.75154033,1.3483
78,2025-03-20T00:00:00,118,0,0,721.8114,0,0,6167.73887366,1.349
78,2025-03-20T00:00:00,119,0,0,728.491,0,0,5358.30442922,1.3473
78,2025-03-20T00:00:00,120,0,0,726.368333333,0,0,4551.22850329,1.3482
78,2025-03-20T00:00:00,121,0,0,764.336516667,0,0,3701.965707,1.3513
78,2025-03-20T00:00:00,122,0,0,753.943816667,0,0,2864.25035514,1.34
78,2025-03-20T00:00:00,123,0,0,702.561666667,0,0,2083.62628107,1.3489
78,2025-03-20T00:00:00,124,0,0,709.374483333,0,0,1295.4324107,1.3952
78,2025-03-20T00:00:00,125,765.598057348,45.7620740148,0,0,0,1336.61827731,1.2226
78,2025-03-20T00:00:00,126,770.470963595,60.9292969287,0,0,0,1391.45464455,0.9332
78,2025-03-20T00:00:00,127,750.12859256,35.0839092267,0,0,0,1423.03016285,0.9068
78,2025-03-20T00:00:00,128,739.107840985,2.65724098484,0,0,0,1425.42167974,0.9371
78,2025-03-20T00:00:00,129,748.502134542,0,10.4311987916,0,0,1413.83145886,0.9371
78,2025-03-20T00:00:00,130,750.468779557,0,3.90668710979,0,0,1409.4906954,0.9871
78,2025-03-20T00:00:00,131,673.418095729,6.48056239524,0,0,0,1415.32320156,0.7764
78,2025-03-20T00:00:00,132,569.41746192,16.2607952531,0,0,0,1429.95791729,0.4209
78,2025-03-20T00:00:00,133,566.691435882,27.7899692153,0,0,0,1454.96888958,0.3859
78,2025-03-20T00:00:00,134,585.07893103,31.7504310303,0,0,0,1483.54427751,0.4368
78,2025-03-20T00:00:00,135,579.24709317,36.60709317,0,0,0,1516.49066136,0.4198
78,2025-03-20T00:00:00,136,587.346346187,63.3242461865,0,0,0,1573.48248293,0.4186
78,2025-03-20T00:00:00,137,586.752230644,59.782663977,0,0,0,1627.28688051,0.4241
78,2025-03-20T00:00:00,138,583.941458694,34.5414586935,0,0,0,1658.37419333,0.4237
78,2025-03-20T00:00:00,139,604.773731844,45.3723818444,0,0,0,1699.20933699,0.4248
78,2025-03-20T00:00:00,140,601.836055209,58.2081218755,0,0,0,1751.59664668,0.424
78,2025-03-20T00:00:00,141,583.406972245,38.785305578,0,0,0,1786.5034217,0.422
78,2025-03-20T00:00:00,142,588.922200182,0,11.7571331518,0,0,1773.43994042,0.424
78,2025-03-20T00:00:00,143,537.64882591,0,3.32935742312,0,0,1769.7406544,0.4271
78,2025-03-20T00:00:00,144,448.686758568,48.5200919018,0,0,0,1813.40873711,0.4276
79,2025-03-21T00:00:00,1,1254.39279168,833.333333333,0,0,27.8215083463,2563.40873711,0.4248
79,2025-03-21T00:00:00,2,1260.8363681,833.199818101,0,0,0,3313.2885734,0.4245
79,2025-03-21T00:00:00,3,1248.1215616,818.908228264,0,0,0,4050.30597884,0.4269
79,2025-03-21T00:00:00,4,403.482552144,0,16.2100978562,0,0,4032.294759,0.4272
79,2025-03-21T00:00:00,5,704.969664131,293.430580798,0,0,0,4296.38228171,0.4271
79,2025-03-21T00:00:00,6,436.997593391,28.305926724,0,0,0,4321.85761577,0.4285
79,2025-03-21T00:00:00,7,429.707247794,18.3937144609,0,0,0,4338.41195878,0.4311
79,2025-03-21T00:00:00,8,415.957855634,0,8.35387769892,0,0,4329.12987245,0.4302
79,2025-03-21T00:00:00,9,413.952613327,0,24.3973866732,0,0,4302.02166503,0.4279
79,2025-03-21T00:00:00,10,427.626293413,0,7.87470658728,0,0,4293.27199105,0.4312
79,2025-03-21T00:00:00,11,443.512816149,18.1408828153,0,0,0,4309.59878558,0.4333
79,2025-03-21T00:00:00,12,453.161998666,29.5469986665,0,0,0,4336.19108438,0.4311
79,2025-03-21T00:00:00,13,442.491811425,5.91671142493,0,0,0,4341.51612466,0.4293
79,2025-03-21T00:00:00,14,417.419851592,0,21.6237650742,0,0,4317.48971903,0.4324
79,2025-03-21T00:00:00,15,395.584995327,0,39.6700046725,0,0,4273.41193606,0.4367
79,2025-03-21T00:00:00,16,410.128176465,0,43.2259735351,0,0,4225.38307657,0.4348
79,2025-03-21T00:00:00,17,433.181758097,0,35.3971752363,0,0,4186.05288187,0.4335
79,2025-03-21T00:00:00,18,446.066901336,0,13.126431997,0,0,4171.46795742,0.4357
79,2025-03-21T00:00:00,19,456.682524043,25.6963407101,0,0,0,4194.59466406,0.4374
79,2025-03-21T00:00:00,20,448.790340124,18.2732401244,0,0,0,4211.04058018,0.4371
79,2025-03-21T00:00:00,21,430.151249965,0,23.3187500347,0,0,4185.13085791,0.4356
79,2025-03-21T00:00:00,22,424.121679824,0,28.8110368426,0,0,4153.11859476,0.4353
79,2025-03-21T00:00:00,23,433.912664577,0,19.3075854231,0,0,4131.66572206,0.436
79,2025-03-21T00:00:00,24,448.452634677,0,4.78236532321,0,0,4126.35198282,0.4378
79,2025-03-21T00:00:00,25,451.391847136,22.5712971365,0,0,0,4146.66615024,0.4401
79,2025-03-21T00:00:00,26,442.734927195,7.3539271946,0,0,0,4153.28468471,0.4389
79,2025-03-21T00:00:00,27,439.349099826,0,23.7642335078,0,0,4126.87998082,0.4364
79,2025-03-21T00:00:00,28,460.882637505,14.7158708386,0,0,0,4140.12426457,0.4393
79,2025-03-21T00:00:00,29,468.216034055,33.8863673888,0,0,0,4170.62199522,0.4422
79,2025-03-21T00:00:00,30,454.743331023,4.69999768933,0,0,0,4174.85199314,0.4395
79,2025-03-21T00:00:00,31,448.156811715,0,14.7588882846,0,0,4158.45322838,0.4333
79,2025-03-21T00:00:00,32,441.936302109,0,19.2131312242,0,0,4137.1053048,0.4439
79,2025-03-21T00:00:00,33,432.444745587,0,23.1669210795,0,0,4111.36428138,0.4301
79,2025-03-21T00:00:00,34,1258.4383276,793.711544272,0,0,0,4825.70467122,0.3713
79,2025-03-21T00:00:00,35,0,0,473.187183333,0,0,4299.94113418,0.5708
79,2025-03-21T00:00:00,36,0,0,465.435,0,0,3782.79113418,0.9099
79,2025-03-21T00:00:00,37,0,0,420.8469,0,0,3315.18346752,0.9368
79,2025-03-21T00:00:00,38,0,0,378.682283333,0,0,2894.42537492,0.8758
79,2025-03-21T00:00:00,39,0,0,347.763333333,0,0,2508.02167122,0.8759
79,2025-03-21T00:00:00,40,0,0,310.665016667,0,0,2162.83831937,0.8601
79,2025-03-21T00:00:00,41,0,0,302.50325,0,0,1826.72359715,0.8442
79,2025-03-21T00:00:00,42,0,0,293.996666667,0,0,1500.06063418,0.8334
79,2025-03-21T00:00:00,43,0,0,217.967766667,0,0,1257.87422678,0.8092
79,2025-03-21T00:00:00,44,0,0,52.0868040988,109.791845901,0,1200,0.7972
79,2025-03-21T00:00:00,45,0,0,0,123.61375,0,1200,0.7644
79,2025-03-21T00:00:00,46,0,0,0,16.0397333333,0,1200,0.6899
79,2025-03-21T00:00:00,47,0,75.88815,0,0,0,1268.299335,0.86
79,2025-03-21T00:00:00,48,0,118.733333333,0,0,0,1375.159335,1.1617
79,2025-03-21T00:00:00,49,0,159.81705,0,0,0,1518.99468,1.1683
79,2025-03-21T00:00:00,50,0,187.890483333,0,0,0,1688.096115,1.0956
79,2025-03-21T00:00:00,51,0,226.8725,0,0,0,1892.281365,1.0849
79,2025-03-21T00:00:00,52,0,312.325666667,0,0,0,2173.374465,1.061
79,2025-03-21T00:00:00,53,0,329.932416667,0,0,0,2470.31364,1.043
79,2025-03-21T00:00:00,54,0,286.695416667,0,0,0,2728.339515,1.036
79,2025-03-21T00:00:00,55,0,300.422,0,0,0,2998.719315,1.0147
79,2025-03-21T00:00:00,56,0,300.769533333,0,0,0,3269.411895,0.9922
79,2025-03-21T00:00:00,57,0,305.751666667,0,0,0,3544.588395,0.97
79,2025-03-21T00:00:00,58,0,413.506083333,0,0,0,3916.74387,0.9422
79,2025-03-21T00:00:00,59,0,499.616966667,0,0,0,4366.39914,0.9569
79,2025-03-21T00:00:00,60,0,508.324166667,0,0,0,4823.89089,0.9977
79,2025-03-21T00:00:00,61,0,505.529716667,0,0,0,5278.867635,0.9919
79,2025-03-21T00:00:00,62,0,538.815983333,0,0,0,5763.80202,0.9588
79,2025-03-21T00:00:00,63,0,609.6875,0,0,0,6312.52077,0.9549
79,2025-03-21T00:00:00,64,0,678.2307,0,0,0,6922.9284,0.9839
79,2025-03-21T00:00:00,65,0,701.841116667,0,0,0,7554.585405,0.799
79,2025-03-21T00:00:00,66,0,695.010833333,0,0,0,8180.095155,0.5025
79,2025-03-21T00:00:00,67,0,715.9721,0,0,0,8824.470045,0.4662
79,2025-03-21T00:00:00,68,0,767.331316667,0,0,0,9515.06823,0.5007
79,2025-03-21T00:00:00,69,0,808.205833333,0,0,0,10242.45348,0.4827
79,2025-03-21T00:00:00,70,0,619.496133333,0,0,181.1808,10800,0.4785
79,2025-03-21T00:00:00,71,0,0,0,0,828.154766667,10800,0.4662
79,2025-03-21T00:00:00,72,0,0,0,0,860.53375,10800,0.4432
79,2025-03-21T00:00:00,73,0,0,0,0,793.580966667,10800,0.4411
79,2025-03-21T00:00:00,74,0,0,0,0,792.780116667,10800,0.4551
79,2025-03-21T00:00:00,75,0,0,0,0,855.139166667,10800,0.4463
79,2025-03-21T00:00:00,76,0,0,0,0,806.869833333,10800,0.4113
79,2025-03-21T00:00:00,77,0,0,0,0,736.923916667,10800,0.5682
79,2025-03-21T00:00:00,78,0,0,0,0,710.83,10800,0.8279
79,2025-03-21T00:00:00,79,0,0,0,0,703.962583333,10800,0.8636
79,2025-03-21T00:00:00,80,0,0,0,0,698.563933333,10800,0.8416
79,2025-03-21T00:00:00,81,0,0,0,0,693.527083333,10800,0.8618
79,2025-03-21T00:00:00,82,0,0,0,0,692.18895,10800,0.8623
79,2025-03-21T00:00:00,83,0,0,0,0,661.473316667,10800,0.9026
79,2025-03-21T00:00:00,84,0,0,0,0,593.52625,10800,0.9754
79,2025-03-21T00:00:00,85,0,0,0,0,513.740866667,10800,1.0002
79,2025-03-21T00:00:00,86,0,0,0,0,442.122033333,10800,0.9978
79,2025-03-21T00:00:00,87,0,0,0,0,386.432916667,10800,1.0271
79,2025-03-21T00:00:00,88,0,0,0,0,345.7968,10800,1.0906
79,2025-03-21T00:00:00,89,0,0,0,0,326.289466667,10800,0.9376
79,2025-03-21T00:00:00,90,0,0,0,0,323.307083333,10800,0.6694
79,2025-03-21T00:00:00,91,0,0,0,0,319.3932,10800,0.66
79,2025-03-21T00:00:00,92,0,0,0,0,296.170633333,10800,0.7217
79,2025-03-21T00:00:00,93,0,0,0,0,243.269583333,10800,0.7308
79,2025-03-21T00:00:00,94,0,0,0,0,171.034183333,10800,0.7534
79,2025-03-21T00:00:00,95,2.23770865616,0,0,0,138.539891989,10800,0.7823
79,2025-03-21T00:00:00,96,46.3568599599,0,0,0,163.657276627,10800,0.8055
79,2025-03-21T00:00:00,97,80.4257367301,0,0,0,118.849703397,10800,0.8271
79,2025-03-21T00:00:00,98,135.284753526,0,0,0,100.418086859,10800,0.8519
79,2025-03-21T00:00:00,99,206.194521308,0,0,0,110.042437974,10800,0.8791
79,2025-03-21T00:00:00,100,253.177711104,0,0,0,59.2855277703,10800,0.9024
79,2025-03-21T00:00:00,101,244.544825805,0,0,0,22.9722424721,10800,0.9163
79,2025-03-21T00:00:00,102,231.069400916,0,0,0,45.7352342495,10800,0.9264
79,2025-03-21T00:00:00,103,292.124211671,0,0,0,84.9335450046,10800,0.9462
79,2025-03-21T00:00:00,104,350.921629154,0,0,0,86.8951958206,10800,0.9742
79,2025-03-21T00:00:00,105,378.067052282,0,0,0,56.8387189491,10800,0.9862
79,2025-03-21T00:00:00,106,422.013010904,0,0,0,49.9503775711,10800,0.976
79,2025-03-21T00:00:00,107,188.336443806,0,226.905206194,0,0,10547.8831042,1.0742
79,2025-03-21T00:00:00,108,0,0,445.288333333,0,0,10053.1182894,1.2313
79,2025-03-21T00:00:00,109,0,0,452.260516667,0,0,9550.60660423,1.2561
79,2025-03-21T00:00:00,110,0,0,449.487966667,0,0,9051.17553015,1.2447
79,2025-03-21T00:00:00,111,0,0,435.71,0,0,8567.05330793,1.2545
79,2025-03-21T00:00:00,112,0,0,423.5798,0,0,8096.40908571,1.2522
79,2025-03-21T00:00:00,113,0,0,448.01605,0,0,7598.6134746,1.2881
79,2025-03-21T00:00:00,114,0,0,480.578333333,0,0,7064.63754867,1.3466
79,2025-03-21T00:00:00,115,0,0,457.1183,0,0,6556.72832645,1.3523
79,2025-03-21T00:00:00,116,0,0,438.22135,0,0,6069.81571534,1.3445
79,2025-03-21T00:00:00,117,0,0,454.326666667,0,0,5565.00830793,1.3483
79,2025-03-21T00:00:00,118,0,0,477.253633333,0,0,5034.72649312,1.349
79,2025-03-21T00:00:00,119,0,0,492.03985,0,0,4488.01554867,1.3473
79,2025-03-21T00:00:00,120,0,0,482.551666667,0,0,3951.84703015,1.3482
79,2025-03-21T00:00:00,121,0,0,446.72555,0,0,3455.48530793,1.3513
79,2025-03-21T00:00:00,122,0,0,454.943216667,0,0,2949.99284497,1.34
79,2025-03-21T00:00:00,123,0,0,494.825,0,0,2400.18728941,1.3489
79,2025-03-21T00:00:00,124,0,0,483.526816667,0,0,1862.9352709,1.3952
79,2025-03-21T00:00:00,125,0,0,458.333716667,0,0,1353.67558571,1.2226
79,2025-03-21T00:00:00,126,485.622113497,37.2504468305,0,0,0,1387.20098786,0.9332
79,2025-03-21T00:00:00,127,478.383006204,32.7907895372,0,0,0,1416.71269844,0.9068
79,2025-03-21T00:00:00,128,475.759065994,25.2061993276,0,0,0,1439.39827784,0.9371
79,2025-03-21T00:00:00,129,485.259312445,16.5359791115,0,0,0,1454.28065904,0.9371
79,2025-03-21T00:00:00,130,496.890068738,5.87485207106,0,0,0,1459.5680259,0.9871
79,2025-03-21T00:00:00,131,467.786635048,21.5894183811,0,0,0,1478.99850244,0.7764
79,2025-03-21T00:00:00,132,410.316825508,39.8851588412,0,0,0,1514.8951454,0.4209
79,2025-03-21T00:00:00,133,383.544446616,3.69579661599,0,0,0,1518.22136235,0.3859
79,2025-03-21T00:00:00,134,394.622091354,0,25.5653919797,0,0,1489.81537127,0.4368
79,2025-03-21T00:00:00,135,410.485009194,0,18.2033241389,0,0,1469.58945556,0.4198
79,2025-03-21T00:00:00,136,397.536153413,0.278336746637,0,0,0,1469.83995863,0.4186
79,2025-03-21T00:00:00,137,385.692816022,0,5.06811731109,0,0,1464.20871717,0.4241
79,2025-03-21T00:00:00,138,389.263232428,0,13.7301009057,0,0,1448.9530495,0.4237
79,2025-03-21T00:00:00,139,395.907121794,19.3465051271,0,0,0,1466.36490411,0.4248
79,2025-03-21T00:00:00,140,415.335431045,16.8418810455,0,0,0,1481.52259705,0.424
79,2025-03-21T00:00:00,141,435.66330462,0,9.54169538,0,0,1470.9207133,0.422
79,2025-03-21T00:00:00,142,424.689200708,21.8985840414,0,0,0,1490.62943894,0.424
79,2025-03-21T00:00:00,143,406.651503061,25.8314863942,0,0,0,1513.87777669,0.4271
79,2025-03-21T00:00:00,144,404.416187568,0,4.01547909873,0,0,1509.41613325,0.4276
171,2025-06-21T00:00:00,1,575.669334045,61.0053673783,0,0,0,3100.80842337,0.4248
171,2025-06-21T00:00:00,2,574.751628228,41.4029782278,0,0,0,3138.07110378,0.4245
171,2025-06-21T00:00:00,3,562.018878732,0,4.89112126768,0,0,3132.63652459,0.4269
171,2025-06-21T00:00:00,4,561.457065545,50.8693822112,0,0,0,3178.41896858,0.4272
171,2025-06-21T00:00:00,5,563.598893175,93.5560265081,0,0,0,3262.61939244,0.4271
171,2025-06-21T00:00:00,6,563.227956434,82.6646231002,0,0,0,3337.01755323,0.4285
171,2025-06-21T00:00:00,7,561.172001946,82.8420686122,0,0,0,3411.57541498,0.4311
171,2025-06-21T00:00:00,8,541.984333431,44.3462167646,0,0,0,3451.48701007,0.4302
171,2025-06-21T00:00:00,9,523.560798587,0,3.80253474627,0,0,3447.26197146,0.4279
171,2025-06-21T00:00:00,10,541.20572574,30.3981090736,0,0,0,3474.62026963,0.4312
171,2025-06-21T00:00:00,11,535.694011791,43.3530284573,0,0,0,3513.63799524,0.4333
171,2025-06-21T00:00:00,12,514.701626087,15.5982927534,0,0,0,3527.67645872,0.4311
171,2025-06-21T00:00:00,13,534.493156398,22.4262563984,0,0,0,3547.86008948,0.4293
171,2025-06-21T00:00:00,14,527.051155938,24.8675726047,0,0,0,3570.24090482,0.4324
171,2025-06-21T00:00:00,15,493.205640733,20.0806407331,0,0,0,3588.31348148,0.4367
171,2025-06-21T00:00:00,16,505.582566315,47.2625829813,0,0,0,3630.84980616,0.4348
171,2025-06-21T00:00:00,17,501.452260124,31.3548101243,0,0,0,3659.06913527,0.4335
171,2025-06-21T00:00:00,18,476.886334769,0,12.4869985639,0,0,3645.19469243,0.4357
171,2025-06-21T00:00:00,19,491.095730655,4.39769732163,0,0,0,3649.15262001,0.4374
171,2025-06-21T00:00:00,20,500.315092625,8.4762926246,0,0,0,3656.78128338,0.4371
171,2025-06-21T00:00:00,21,494.835812691,0,1.4158539756,0,0,3655.20811229,0.4356
171,2025-06-21T00:00:00,22,513.316640664,49.9363406638,0,0,0,3700.15081889,0.4353
171,2025-06-21T00:00:00,23,517.675433115,62.9577831153,0,0,0,3756.81282369,0.436
171,2025-06-21T00:00:00,24,497.241454312,20.2097876451,0,0,0,3775.00163257,0.4378
171,2025-06-21T00:00:00,25,479.701536874,5.41955354061,0,0,0,3779.87923076,0.4401
171,2025-06-21T00:00:00,26,477.562971994,19.4044719935,0,0,0,3797.34325556,0.4389
171,2025-06-21T00:00:00,27,481.741729265,35.5233959319,0,0,0,3829.31431189,0.4364
171,2025-06-21T00:00:00,28,477.050941657,34.0976583238,0,0,0,3860.00220439,0.4393
171,2025-06-21T00:00:00,29,469.045350581,18.6586005812,0,0,0,3876.79494491,0.4422
171,2025-06-21T00:00:00,30,458.704403995,4.53023732846,0,0,0,3880.8721585,0.4395
171,2025-06-21T00:00:00,31,433.230474791,8.5717581243,0,0,0,3888.58674082,0.4333
171,2025-06-21T00:00:00,32,417.57209427,27.0886442698,0,0,0,3912.96652066,0.4439
171,2025-06-21T00:00:00,33,414.313095109,43.4672617757,0,0,0,3952.08705626,0.4301
171,2025-06-21T00:00:00,34,1079.84011326,720.262113256,0,0,0,4600.32295819,0.3713
171,2025-06-21T00:00:00,35,0,0,337.034916667,0,0,4225.83971745,0.5708
171,2025-06-21T00:00:00,36,0,0,308.49,0,0,3883.07305078,0.9099
171,2025-06-21T00:00:00,37,0,0,291.9625,0,0,3558.670273,0.9368
171,2025-06-21T00:00:00,38,0,0,246.471366667,0,0,3284.81319893,0.8758
171,2025-06-21T00:00:00,39,0,0,166.35125,0,0,3099.97847671,0.8759
171,2025-06-21T00:00:00,40,0,0,97.3851833333,0,0,2991.77271745,0.8601
171,2025-06-21T00:00:00,41,0,0,86.2121,0,0,2895.98149522,0.8442
171,2025-06-21T00:00:00,42,0,0,100.836666667,0,0,2783.94075448,0.8334
171,2025-06-21T00:00:00,43,0,0,63.2823,0,0,2713.62708782,0.8092
171,2025-06-21T00:00:00,44,0,0,21.9276833333,0,0,2689.26299522,0.7972
171,2025-06-21T00:00:00,45,0,8.33958333333,0,0,0,2696.76862022,0.7644
171,2025-06-21T00:00:00,46,0,62.9667833333,0,0,0,2753.43872522,0.6899
171,2025-06-21T00:00:00,47,0,116.303716667,0,0,0,2858.11207022,0.86
171,2025-06-21T00:00:00,48,0,156.844166667,0,0,0,2999.27182022,1.1617
171,2025-06-21T00:00:00,49,0,195.452116667,0,0,0,3175.17872522,1.1683
171,2025-06-21T00:00:00,50,0,213.46855,0,0,0,3367.30042022,1.0956
171,2025-06-21T00:00:00,51,0,220.185,0,0,0,3565.46692022,1.0849
171,2025-06-21T00:00:00,52,0,241.482933333,0,0,0,3782.80156022,1.061
171,2025-06-21T00:00:00,53,0,229.762933333,0,0,0,3989.58820022,1.043
171,2025-06-21T00:00:00,54,0,182.575833333,0,0,0,4153.90645022,1.036
171,2025-06-21T00:00:00,55,0,160.175383333,0,0,0,4298.06429522,1.0147
171,2025-06-21T00:00:00,56,0,214.969966667,0,0,0,4491.53726522,0.9922
171,2025-06-21T00:00:00,57,0,328.285416667,0,0,0,4786.99414022,0.97
171,2025-06-21T00:00:00,58,0,421.118233333,0,0,0,5166.00055022,0.9422
171,2025-06-21T00:00:00,59,0,449.526183333,0,0,0,5570.57411522,0.9569
171,2025-06-21T00:00:00,60,0,440.56625,0,0,0,5967.08374022,0.9977
171,2025-06-21T00:00:00,61,0,460.630866667,0,0,0,6381.65152022,0.9919
171,2025-06-21T00:00:00,62,0,489.017133333,0,0,0,6821.76694022,0.9588
171,2025-06-21T00:00:00,63,0,516.512916667,0,0,0,7286.62856522,0.9549
171,2025-06-21T00:00:00,64,0,561.181233333,0,0,0,7791.69167522,0.9839
171,2025-06-21T00:00:00,65,0,612.926316667,0,0,0,8343.32536022,0.799
171,2025-06-21T00:00:00,66,0,620.148333333,0,0,0,8901.45886022,0.5025
171,2025-06-21T00:00:00,67,0,560.160833333,0,0,0,9405.60361022,0.4662
171,2025-06-21T00:00:00,68,0,647.042516667,0,0,0,9987.94187522,0.5007
171,2025-06-21T00:00:00,69,0,807.410833333,0,0,0,10714.6116252,0.4827
171,2025-06-21T00:00:00,70,0,94.8759719725,0,0,651.052978028,10800,0.4785
171,2025-06-21T00:00:00,71,0,0,0,0,658.892883333,10800,0.4662
171,2025-06-21T00:00:00,72,0,0,0,0,672.33875,10800,0.4432
171,2025-06-21T00:00:00,73,0,0,0,0,718.120266667,10800,0.4411
171,2025-06-21T00:00:00,74,0,0,0,0,741.456716667,10800,0.4551
171,2025-06-21T00:00:00,75,0,0,0,0,742.40875,10800,0.4463
171,2025-06-21T00:00:00,76,0,0,0,0,757.647216667,10800,0.4113
171,2025-06-21T00:00:00,77,0,0,0,0,771.688016667,10800,0.5682
171,2025-06-21T00:00:00,78,0,0,0,0,726.931666667,10800,0.8279
171,2025-06-21T00:00:00,79,0,0,0,0,597.157983333,10800,0.8636
171,2025-06-21T00:00:00,80,0,0,0,0,582.051283333,10800,0.8416
171,2025-06-21T00:00:00,81,0,0,0,0,625.26625,10800,0.8618
171,2025-06-21T00:00:00,82,0,0,0,0,477.587133333,10800,0.8623
171,2025-06-21T00:00:00,83,0,0,0,0,358.2528,10800,0.9026
171,2025-06-21T00:00:00,84,0,0,0,0,349.058333333,10800,0.9754
171,2025-06-21T00:00:00,85,0,0,0,0,315.651216667,10800,1.0002
171,2025-06-21T00:00:00,86,0,0,0,0,288.67765,10800,0.9978
171,2025-06-21T00:00:00,87,0,0,0,0,288.457916667,10800,1.0271
171,2025-06-21T00:00:00,88,0,0,0,0,289.5349,10800,1.0906
171,2025-06-21T00:00:00,89,0,0,0,0,299.466083333,10800,0.9376
171,2025-06-21T00:00:00,90,0,0,0,0,300.130416667,10800,0.6694
171,2025-06-21T00:00:00,91,0,0,0,0,256.820066667,10800,0.66
171,2025-06-21T00:00:00,92,0,0,0,0,204.788166667,10800,0.7217
171,2025-06-21T00:00:00,93,1.206761962,0,0,0,157.140095295,10800,0.7308
171,2025-06-21T00:00:00,94,66.3374008291,0,0,0,156.993684162,10800,0.7534
171,2025-06-21T00:00:00,95,123.079092497,0,0,0,150.40807583,10800,0.7823
171,2025-06-21T00:00:00,96,169.983161502,0,0,0,142.978161502,10800,0.8055
171,2025-06-21T00:00:00,97,225.507706478,0,0,0,146.936156478,10800,0.8271
171,2025-06-21T00:00:00,98,235.840281667,0,0,0,132.635981667,10800,0.8519
171,2025-06-21T00:00:00,99,232.175247462,0,0,0,126.267747462,10800,0.8791
171,2025-06-21T00:00:00,100,301.910257175,0,0,0,186.486223842,10800,0.9024
171,2025-06-21T00:00:00,101,314.365591927,0,0,0,204.745908593,10800,0.9163
171,2025-06-21T00:00:00,102,269.669285432,0,0,0,166.888035432,10800,0.9264
171,2025-06-21T00:00:00,103,303.327670242,0,0,0,160.700236908,10800,0.9462
171,2025-06-21T00:00:00,104,351.209537677,0,0,0,138.414537677,10800,0.9742
171,2025-06-21T00:00:00,105,376.929860547,0,0,0,87.9619438803,10800,0.9862
171,2025-06-21T00:00:00,106,412.025022162,0,0,0,58.5548554949,10800,0.976
171,2025-06-21T00:00:00,107,447.398162134,0,0,0,65.0772454675,10800,1.0742
171,2025-06-21T00:00:00,108,478.767497417,0,0,0,92.8658307505,10800,1.2313
171,2025-06-21T00:00:00,109,0,0,402.359033333,0,0,10352.9344074,1.2561
171,2025-06-21T00:00:00,110,549.297768858,112.673018858,0,0,0,10454.3401244,1.2447
171,2025-06-21T00:00:00,111,467.627297491,0,14.0543691755,0,0,10438.7241586,1.2545
171,2025-06-21T00:00:00,112,628.077937942,97.9487712758,0,0,0,10526.8780528,1.2522
171,2025-06-21T00:00:00,113,0,0,585.454683333,0,0,9876.37284907,1.2881
171,2025-06-21T00:00:00,114,0,0,640.82625,0,0,9164.34368241,1.3466
171,2025-06-21T00:00:00,115,0,0,667.4907,0,0,8422.68734907,1.3523
171,2025-06-21T00:00:00,116,0,0,617.246916667,0,0,7736.85744167,1.3445
171,2025-06-21T00:00:00,117,0,0,548.913333333,0,0,7126.95373796,1.3483
171,2025-06-21T00:00:00,118,0,0,582.087566667,0,0,6480.189775,1.349
171,2025-06-21T00:00:00,119,0,0,581.73875,0,0,5833.81338611,1.3473
171,2025-06-21T00:00:00,120,0,0,531.603333333,0,0,5243.14301574,1.3482
171,2025-06-21T00:00:00,121,0,0,558.039433333,0,0,4623.09920093,1.3513
171,2025-06-21T00:00:00,122,0,0,620.864733333,0,0,3933.24949722,1.34
171,2025-06-21T00:00:00,123,0,0,660.021666667,0,0,3199.89208981,1.3489
171,2025-06-21T00:00:00,124,0,0,646.97075,0,0,2481.03570093,1.3952
171,2025-06-21T00:00:00,125,700.27271817,114.66076817,0,0,0,2584.23039228,1.2226
171,2025-06-21T00:00:00,126,672.338913221,145.618913221,0,0,0,2715.28741418,0.9332
171,2025-06-21T00:00:00,127,645.220785843,109.435685843,0,0,0,2813.77953144,0.9068
171,2025-06-21T00:00:00,128,633.110012096,51.5928620961,0,0,0,2860.21310732,0.9371
171,2025-06-21T00:00:00,129,634.820884141,15.905884141,0,0,0,2874.52840305,0.9371
171,2025-06-21T00:00:00,130,641.99693717,22.7556538364,0,0,0,2895.0084915,0.9871
171,2025-06-21T00:00:00,131,628.373109398,51.5936427309,0,0,0,2941.44276996,0.7764
171,2025-06-21T00:00:00,132,601.69268267,73.4126826705,0,0,0,3007.51418436,0.4209
171,2025-06-21T00:00:00,133,592.998099311,66.1243659777,0,0,0,3067.02611374,0.3859
171,2025-06-21T00:00:00,134,584.906955386,40.1658720525,0,0,0,3103.17539859,0.4368
171,2025-06-21T00:00:00,135,581.144722091,28.279722091,0,0,0,3128.62714847,0.4198
171,2025-06-21T00:00:00,136,608.987912448,62.1480624481,0,0,0,3184.56040468,0.4186
171,2025-06-21T00:00:00,137,630.060259017,88.2673590168,0,0,0,3264.00102779,0.4241
171,2025-06-21T00:00:00,138,609.763053763,78.0313870967,0,0,0,3334.22927618,0.4237
171,2025-06-21T00:00:00,139,552.99822091,53.1755042435,0,0,0,3382.08723,0.4248
171,2025-06-21T00:00:00,140,546.245042878,59.4159928784,0,0,0,3435.56162359,0.424
171,2025-06-21T00:00:00,141,583.000294225,84.7836275581,0,0,0,3511.86688839,0.422
171,2025-06-21T00:00:00,142,582.647195697,78.5520290299,0,0,0,3582.56371452,0.424
171,2025-06-21T00:00:00,143,623.325461364,91.1064446973,0,0,0,3664.55951474,0.4271
171,2025-06-21T00:00:00,144,697.887277069,91.8639437356,0,0,0,3747.23706411,0.4276
172,2025-06-22T00:00:00,1,1578.80250797,833.333333333,0,0,38.47702464,4497.23706411,0.4248
172,2025-06-22T00:00:00,2,1575.22674806,833.333333333,0,0,10.4844980593,5247.23706411,0.4245
172,2025-06-22T00:00:00,3,1573.70188705,833.333333333,0,0,61.1302203877,5997.23706411,0.4269
172,2025-06-22T00:00:00,4,1548.7681861,833.333333333,0,0,62.6571360983,6747.23706411,0.4272
172,2025-06-22T00:00:00,5,1540.99631632,833.333333333,0,0,43.5365663155,7497.23706411,0.4271
172,2025-06-22T00:00:00,6,1547.70573183,833.333333333,0,0,23.1473984932,8247.23706411,0.4285
172,2025-06-22T00:00:00,7,691.320101532,0,12.9414651347,0,0,8232.8576584,0.4311
172,2025-06-22T00:00:00,8,676.543346827,0,8.38353650613,0,0,8223.54261784,0.4302
172,2025-06-22T00:00:00,9,1523.15427606,833.333333333,0,0,36.425942725,8973.54261784,0.4279
172,2025-06-22T00:00:00,10,713.044133148,65.0492331481,0,0,0,9032.08692767,0.4312
172,2025-06-22T00:00:00,11,720.296327073,80.6133270734,0,0,0,9104.63892204,0.4333
172,2025-06-22T00:00:00,12,700.710354491,73.2986878245,0,0,0,9170.60774108,0.4311
172,2025-06-22T00:00:00,13,1505.2601853,833.333333333,0,0,35.0668186328,9920.60774108,0.4293
172,2025-06-22T00:00:00,14,687.697300405,64.2377170712,0,0,0,9978.42168644,0.4324
172,2025-06-22T00:00:00,15,718.877462379,108.712462379,0,0,0,10076.2629026,0.4367
172,2025-06-22T00:00:00,16,686.429363113,24.1107297794,0,0,0,10097.9625594,0.4348
172,2025-06-22T00:00:00,17,657.342279442,0,20.5311538909,0,0,10075.1501662,0.4335
172,2025-06-22T00:00:00,18,664.621283791,30.0362837914,0,0,0,10102.1828216,0.4357
172,2025-06-22T00:00:00,19,673.079225965,61.7267759652,0,0,0,10157.73692,0.4374
172,2025-06-22T00:00:00,20,677.935110657,75.4476439903,0,0,0,10225.6397995,0.4371
172,2025-06-22T00:00:00,21,678.256688216,71.1950215496,0,0,0,10289.7153189,0.4356
172,2025-06-22T00:00:00,22,674.542795498,43.3029954981,0,0,0,10328.6880149,0.4353
172,2025-06-22T00:00:00,23,664.066250145,57.9893834786,0,0,0,10380.87846,0.436
172,2025-06-22T00:00:00,24,660.493476456,91.4701431226,0,0,0,10463.2015888,0.4378
172,2025-06-22T00:00:00,25,677.431635788,56.1660691216,0,0,0,10513.751051,0.4401
172,2025-06-22T00:00:00,26,679.911178641,54.6273286412,0,0,0,10562.9156468,0.4389
172,2025-06-22T00:00:00,27,653.946483237,89.9314832375,0,0,0,10643.8539817,0.4364
172,2025-06-22T00:00:00,28,630.128961005,68.4382276713,0,0,0,10705.4483866,0.4393
172,2025-06-22T00:00:00,29,628.385458476,41.6977918098,0,0,0,10742.9763993,0.4422
172,2025-06-22T00:00:00,30,636.010548222,39.9409648888,0,0,0,10778.9232677,0.4395
172,2025-06-22T00:00:00,31,614.264384126,23.4185914846,0,0,19.4029593079,10800,0.4333
172,2025-06-22T00:00:00,32,593.397997862,0,0,0,44.0706478621,10800,0.4439
172,2025-06-22T00:00:00,33,908.636599772,0,0,0,384.236183105,10800,0.4301
172,2025-06-22T00:00:00,34,1372.61630714,0,0,0,898.611090473,10800,0.3713
172,2025-06-22T00:00:00,35,574.113164507,0,0,0,68.4241645071,10800,0.5708
172,2025-06-22T00:00:00,36,0,0,583.138333333,0,0,10152.0685185,0.9099
172,2025-06-22T00:00:00,37,0,0,554.370633333,0,0,9536.10114815,0.9368
172,2025-06-22T00:00:00,38,0,0,508.3145,0,0,8971.30725926,0.8758
172,2025-06-22T00:00:00,39,0,0,497.392083333,0,0,8418.64938889,0.8759
172,2025-06-22T00:00:00,40,0,0,474.250233333,0,0,7891.70468519,0.8601
172,2025-06-22T00:00:00,41,0,0,391.555166667,0,0,7456.64338889,0.8442
172,2025-06-22T00:00:00,42,0,0,303.262916667,0,0,7119.68459259,0.8334
172,2025-06-22T00:00:00,43,293.97457651,0,12.2885568232,0,0,7106.03064057,0.8092
172,2025-06-22T00:00:00,44,367.102082029,92.0244820286,0,0,0,7188.85267439,0.7972
172,2025-06-22T00:00:00,45,323.985383156,144.007883156,0,0,0,7318.45976923,0.7644
172,2025-06-22T00:00:00,46,262.061223783,123.13924045,0,0,0,7429.28508564,0.6899
172,2025-06-22T00:00:00,47,0,0,242.5692,0,0,7159.7637523,0.86
172,2025-06-22T00:00:00,48,0,0,384.625,0,0,6732.40264119,1.1617
172,2025-06-22T00:00:00,49,0,0,355.942683333,0,0,6336.91077082,1.1683
172,2025-06-22T00:00:00,50,0,0,283.641366667,0,0,6021.75369675,1.0956
172,2025-06-22T00:00:00,51,0,0,241.479166667,0,0,5753.44351156,1.0849
172,2025-06-22T00:00:00,52,0,0,181.73015,0,0,5551.52112267,1.061
172,2025-06-22T00:00:00,53,0,0,127.6593,0,0,5409.67745601,1.043
172,2025-06-22T00:00:00,54,0,0,97.54625,0,0,5301.29273379,1.036
172,2025-06-22T00:00:00,55,0,0,84.27835,0,0,5207.65012267,1.0147
172,2025-06-22T00:00:00,56,0,0,76.7976833333,0,0,5122.31936342,0.9922
172,2025-06-22T00:00:00,57,0,0,76.0579166667,0,0,5037.81056712,0.97
172,2025-06-22T00:00:00,58,0,0,82.2960166667,0,0,4946.3705486,0.9422
172,2025-06-22T00:00:00,59,0,0,44.6056666667,0,0,4896.80869675,0.9569
172,2025-06-22T00:00:00,60,0,40.5825,0,0,0,4933.33294675,0.9977
172,2025-06-22T00:00:00,61,0,114.785366667,0,0,0,5036.63977675,0.9919
172,2025-06-22T00:00:00,62,0,117.366133333,0,0,0,5142.26929675,0.9588
172,2025-06-22T00:00:00,63,0,101.686666667,0,0,0,5233.78729675,0.9549
172,2025-06-22T00:00:00,64,0,172.002033333,0,0,0,5388.58912675,0.9839
172,2025-06-22T00:00:00,65,0,188.531183333,0,0,0,5558.26719175,0.799
172,2025-06-22T00:00:00,66,802.351657955,833.333333333,0,0,97.7591579554,6308.26719175,0.5025
172,2025-06-22T00:00:00,67,804.1297717,833.333333333,0,0,78.2425050336,7058.26719175,0.4662
172,2025-06-22T00:00:00,68,789.764615432,833.333333333,0,0,31.1367654324,7808.26719175,0.5007
172,2025-06-22T00:00:00,69,779.383231262,805.150731262,0,0,0,8532.90284988,0.4827
172,2025-06-22T00:00:00,70,822.866775455,833.333333333,0,0,14.9303087884,9282.90284988,0.4785
172,2025-06-22T00:00:00,71,824.882250899,833.333333333,0,0,54.0976675656,10032.9028499,0.4662
172,2025-06-22T00:00:00,72,780.621926533,833.333333333,0,0,42.8852598664,10782.9028499,0.4432
172,2025-06-22T00:00:00,73,791.215962862,18.9968334619,0,0,860.457696067,10800,0.4411
172,2025-06-22T00:00:00,74,780.194562082,0,0,0,848.743162082,10800,0.4551
172,2025-06-22T00:00:00,75,750.432932308,0,0,0,841.345848975,10800,0.4463
172,2025-06-22T00:00:00,76,793.223291467,0,0,0,967.085191467,10800,0.4113
172,2025-06-22T00:00:00,77,854.961661268,0,0,0,1015.19361127,10800,0.5682
172,2025-06-22T00:00:00,78,62.1280255174,0,0,0,95.9555255174,10800,0.8279
172,2025-06-22T00:00:00,79,78.5076074739,0,0,0,16.3853241406,10800,0.8636
172,2025-06-22T00:00:00,80,74.7659540798,0,14.5505625869,0,0,10783.8327082,0.8416
172,2025-06-22T00:00:00,81,84.1009865856,0,13.154430081,0,0,10769.2166748,0.8618
172,2025-06-22T00:00:00,82,146.394312589,0,6.12970407805,0,0,10762.4058925,0.8623
172,2025-06-22T00:00:00,83,0,0,159.562766667,0,0,10585.1139295,0.9026
172,2025-06-22T00:00:00,84,0,0,155.88125,0,0,10411.9125407,0.9754
172,2025-06-22T00:00:00,85,0,0,272.675533333,0,0,10108.9397258,1.0002
172,2025-06-22T00:00:00,86,0,0,328.450816667,0,0,9743.99437399,0.9978
172,2025-06-22T00:00:00,87,0,0,280.047083333,0,0,9432.83094806,1.0271
172,2025-06-22T00:00:00,88,0,0,268.408466667,0,0,9134.59931843,1.0906
172,2025-06-22T00:00:00,89,0,0,296.26605,0,0,8805.41481843,0.9376
172,2025-06-22T00:00:00,90,1124.68773765,816.653570979,0,0,0,9540.40303231,0.6694
172,2025-06-22T00:00:00,91,1177.68826589,833.333333333,0,0,79.2607158922,10290.4030323,0.66
172,2025-06-22T00:00:00,92,664.061834883,387.256368216,0,0,0,10638.9337637,0.7217
172,2025-06-22T00:00:00,93,445.888055095,77.6888884287,0,0,0,10708.8537633,0.7308
172,2025-06-22T00:00:00,94,490.33323859,44.2784219237,0,0,0,10748.704343,0.7534
172,2025-06-22T00:00:00,95,536.526636942,56.9951744188,0,0,43.6505791902,10800,0.7823
172,2025-06-22T00:00:00,96,581.531050307,0,0,0,187.043550307,10800,0.8055
172,2025-06-22T00:00:00,97,622.609796269,0,0,0,173.040896269,10800,0.8271
172,2025-06-22T00:00:00,98,665.787179281,0,0,0,150.805512614,10800,0.8519
172,2025-06-22T00:00:00,99,698.555037786,0,0,0,163.262121119,10800,0.8791
172,2025-06-22T00:00:00,100,711.291755469,0,0,0,164.608372136,10800,0.9024
172,2025-06-22T00:00:00,101,741.8931213,0,0,0,135.768237967,10800,0.9163
172,2025-06-22T00:00:00,102,791.503417617,0,0,0,95.7405009506,10800,0.9264
172,2025-06-22T00:00:00,103,824.561790059,0,0,0,76.0694567256,10800,0.9462
172,2025-06-22T00:00:00,104,867.685517419,0,0,0,54.0116007522,10800,0.9742
172,2025-06-22T00:00:00,105,932.979700802,0,0,0,27.5613674689,10800,0.9862
172,2025-06-22T00:00:00,106,982.546726681,0,0,0,28.8534266815,10800,0.976
172,2025-06-22T00:00:00,107,910.557222134,0,0,0,86.0960054669,10800,1.0742
172,2025-06-22T00:00:00,108,772.796907641,0,0,0,139.959407641,10800,1.2313
172,2025-06-22T00:00:00,109,751.091431063,0,0,0,103.627881063,10800,1.2561
172,2025-06-22T00:00:00,110,797.373615001,0,0,0,95.1153483343,10800,1.2447
172,2025-06-22T00:00:00,111,852.830419414,0,0,0,130.274586081,10800,1.2545
172,2025-06-22T00:00:00,112,898.812319846,0,0,0,103.554236513,10800,1.2522
172,2025-06-22T00:00:00,113,910.583872115,0,0,0,65.0590721155,10800,1.2881
172,2025-06-22T00:00:00,114,68.7090506466,0,778.01636602,0,0,9935.53737109,1.3466
172,2025-06-22T00:00:00,115,74.83315528,0,775.784528053,0,0,9073.55456214,1.3523
172,2025-06-22T00:00:00,116,80.4251161103,0,791.349317223,0,0,8194.277543,1.3445
172,2025-06-22T00:00:00,117,82.2097502445,0,807.915249756,0,0,7296.59393216,1.3483
172,2025-06-22T00:00:00,118,100.649813993,0,788.021636007,0,0,6421.0143366,1.349
172,2025-06-22T00:00:00,119,96.7246028979,0,788.332297102,0,0,5545.08956204,1.3473
172,2025-06-22T00:00:00,120,79.1764107662,0,801.376922567,0,0,4654.67075919,1.3482
172,2025-06-22T00:00:00,121,91.8836065973,0,768.956910069,0,0,3800.27419245,1.3513
172,2025-06-22T00:00:00,122,629.887790267,0,215.765109733,0,0,3560.53518163,1.34
172,2025-06-22T00:00:00,123,90.8084586267,0,762.619874707,0,0,2713.17976529,1.3489
172,2025-06-22T00:00:00,124,69.5063592957,0,812.933240704,0,0,1809.92060895,1.3952
172,2025-06-22T00:00:00,125,901.117738339,8.56435500607,0,0,0,1817.62852846,1.2226
172,2025-06-22T00:00:00,126,917.217051593,33.082051593,0,0,0,1847.40237489,0.9332
172,2025-06-22T00:00:00,127,919.478607533,30.3109075327,0,0,0,1874.68219167,0.9068
172,2025-06-22T00:00:00,128,920.68529987,50.6578332029,0,0,0,1920.27424155,0.9371
172,2025-06-22T00:00:00,129,941.139921939,81.286588606,0,0,0,1993.4321713,0.9371
172,2025-06-22T00:00:00,130,971.409857763,58.6262744296,0,0,0,2046.19581829,0.9871
172,2025-06-22T00:00:00,131,891.094137511,65.1660041777,0,0,0,2104.84522205,0.7764
172,2025-06-22T00:00:00,132,756.420603528,110.552270195,0,0,0,2204.34226522,0.4209
172,2025-06-22T00:00:00,133,753.032347874,118.719281207,0,0,0,2311.18961831,0.3859
172,2025-06-22T00:00:00,134,779.53736196,117.51671196,0,0,0,2416.95465907,0.4368
172,2025-06-22T00:00:00,135,770.300497692,104.458831026,0,0,0,2510.967607,0.4198
172,2025-06-22T00:00:00,136,764.520392917,53.121859584,0,0,0,2558.77728062,0.4186
172,2025-06-22T00:00:00,137,760.914844549,45.2166278821,0,0,0,2599.47224572,0.4241
172,2025-06-22T00:00:00,138,759.560218497,78.8202184969,0,0,0,2670.41044236,0.4237
172,2025-06-22T00:00:00,139,763.824245619,71.7596789524,0,0,0,2734.99415342,0.4248
172,2025-06-22T00:00:00,140,754.631089492,75.7114228255,0,0,0,2803.13443396,0.424
172,2025-06-22T00:00:00,141,742.902487112,88.1274871116,0,0,0,2882.44917236,0.422
172,2025-06-22T00:00:00,142,754.386690359,49.3055736919,0,0,0,2926.82418869,0.424
172,2025-06-22T00:00:00,143,756.911597045,45.6227470449,0,0,0,2967.88466103,0.4271
172,2025-06-22T00:00:00,144,746.713309156,91.6316424896,0,0,0,3050.35313927,0.4276
265,2025-09-23T00:00:00,1,1487.42299411,833.333333333,0,0,83.9053274444,2067.27204873,0.4248
265,2025-09-23T00:00:00,2,1482.38818851,833.333333333,0,0,88.7366718428,2817.27204873,0.4245
265,2025-09-23T00:00:00,3,1455.44975513,833.333333333,0,0,57.3497551311,3567.27204873,0.4269
265,2025-09-23T00:00:00,4,1441.15708914,833.333333333,0,0,9.31483914094,4317.27204873,0.4272
265,2025-09-23T00:00:00,5,1433.44158416,826.930934161,0,0,0,5061.50988947,0.4271
265,2025-09-23T00:00:00,6,1427.15504243,833.333333333,0,0,4.05170910135,5811.50988947,0.4285
265,2025-09-23T00:00:00,7,1131.40805355,534.054703553,0,0,0,6292.15912267,0.4311
265,2025-09-23T00:00:00,8,1426.90111944,833.333333333,0,0,13.5961194357,7042.15912267,0.4302
265,2025-09-23T00:00:00,9,1422.52002596,833.333333333,0,0,36.5066926251,7792.15912267,0.4279
265,2025-09-23T00:00:00,10,594.717745727,10.6643957274,0,0,0,7801.75707882,0.4312
265,2025-09-23T00:00:00,11,612.508398826,10.6467821596,0,0,0,7811.33918277,0.4333
265,2025-09-23T00:00:00,12,1456.14233658,833.333333333,0,0,32.2023365822,8561.33918277,0.4311
265,2025-09-23T00:00:00,13,1435.40719816,830.844148159,0,0,0,9309.09891611,0.4293
265,2025-09-23T00:00:00,14,593.114886157,0,14.6846638428,0,0,9292.78262295,0.4324
265,2025-09-23T00:00:00,15,609.029958823,14.0432921568,0,0,0,9305.42158589,0.4367
265,2025-09-23T00:00:00,16,623.842523879,25.3301238792,0,0,0,9328.21869738,0.4348
265,2025-09-23T00:00:00,17,621.463946004,34.1841793372,0,0,0,9358.98445879,0.4335
265,2025-09-23T00:00:00,18,612.459926913,45.4549269128,0,0,0,9399.89389301,0.4357
265,2025-09-23T00:00:00,19,622.611383849,44.1314505156,0,0,0,9439.61219847,0.4374
265,2025-09-23T00:00:00,20,619.027400173,27.9754335067,0,0,0,9464.79008863,0.4371
265,2025-09-23T00:00:00,21,598.386640542,11.5366405416,0,0,0,9475.17306512,0.4356
265,2025-09-23T00:00:00,22,596.820974716,14.6473913826,0,0,0,9488.35571736,0.4353
265,2025-09-23T00:00:00,23,606.74387989,3.99054655619,0,0,0,9491.94720926,0.436
265,2025-09-23T00:00:00,24,622.274346562,0,0.853986771473,0,0,9490.99833507,0.4378
265,2025-09-23T00:00:00,25,646.60392884,51.0812455071,0,0,0,9536.97145603,0.4401
265,2025-09-23T00:00:00,26,648.809884366,57.3389510326,0,0,0,9588.57651196,0.4389
265,2025-09-23T00:00:00,27,633.942212117,17.8705454506,0,0,0,9604.66000286,0.4364
265,2025-09-23T00:00:00,28,641.236969641,36.3406696409,0,0,0,9637.36660554,0.4393
265,2025-09-23T00:00:00,29,642.754129347,42.3383126806,0,0,0,9675.47108695,0.4422
265,2025-09-23T00:00:00,30,628.397952242,10.2746189091,0,0,0,9684.71824397,0.4395
265,2025-09-23T00:00:00,31,625.109047963,0,0.0562187041551,0,0,9684.65577874,0.4333
265,2025-09-23T00:00:00,32,648.293930371,33.3857970378,0,0,0,9714.70299608,0.4439
265,2025-09-23T00:00:00,33,1498.78639611,833.333333333,0,0,72.5063961118,10464.7029961,0.4301
265,2025-09-23T00:00:00,34,1479.19208304,372.55222658,0,0,522.661806459,10800,0.3713
265,2025-09-23T00:00:00,35,698.543596599,0,0,0,31.6301632652,10800,0.5708
265,2025-09-23T00:00:00,36,0,0,790.623333333,0,0,9921.52962963,0.9099
265,2025-09-23T00:00:00,37,0,0,793.772083333,0,0,9039.56064815,0.9368
265,2025-09-23T00:00:00,38,0,0,742.659816667,0,0,8214.38307407,0.8758
265,2025-09-23T00:00:00,39,0,0,690.46875,0,0,7447.19557407,0.8759
265,2025-09-23T00:00:00,40,0,0,630.584016667,0,0,6746.54666667,0.8601
265,2025-09-23T00:00:00,41,0,0,584.88215,0,0,6096.67761111,0.8442
265,2025-09-23T00:00:00,42,0,0,546.2125,0,0,5489.77483333,0.8334
265,2025-09-23T00:00:00,43,0,0,484.722833333,0,0,4951.19390741,0.8092
265,2025-09-23T00:00:00,44,427.004557012,1.69620701218,0,0,0,4952.72049372,0.7972
265,2025-09-23T00:00:00,45,427.884789412,66.5643727455,0,0,0,5012.62842919,0.7644
265,2025-09-23T00:00:00,46,344.908460881,59.4401942146,0,0,0,5066.12460398,0.6899
265,2025-09-23T00:00:00,47,0,0,357.730216667,0,0,4668.64658546,0.86
265,2025-09-23T00:00:00,48,0,0,491.324583333,0,0,4122.73038176,1.1617
265,2025-09-23T00:00:00,49,0,0,424.227,0,0,3651.36704843,1.1683
265,2025-09-23T00:00:00,50,0,0,340.29965,0,0,3273.2563262,1.0956
265,2025-09-23T00:00:00,51,0,0,322.88875,0,0,2914.49104843,1.0849
265,2025-09-23T00:00:00,52,0,0,267.16475,0,0,2617.6413262,1.061
265,2025-09-23T00:00:00,53,0,0,177.016983333,0,0,2420.95578917,1.043
265,2025-09-23T00:00:00,54,0,0,103.286666667,0,0,2306.1928262,1.036
265,2025-09-23T00:00:00,55,0,0,88.5305333333,0,0,2207.82556695,1.0147
265,2025-09-23T00:00:00,56,0,0,75.3937333333,0,0,2124.05475213,0.9922
265,2025-09-23T00:00:00,57,0,0,46.3595833333,0,0,2072.54410398,0.97
265,2025-09-23T00:00:00,58,0,0,34.0806666667,0,0,2034.67669658,0.9422
265,2025-09-23T00:00:00,59,0,0,13.9784333333,0,0,2019.14510398,0.9569
265,2025-09-23T00:00:00,60,0,5.30041666667,0,0,0,2023.91547898,0.9977
265,2025-09-23T00:00:00,61,0,0,3.38896666667,0,0,2020.14996046,0.9919
265,2025-09-23T00:00:00,62,0,45.9135666667,0,0,0,2061.47217046,0.9588
265,2025-09-23T00:00:00,63,0,133.931666667,0,0,0,2182.01067046,0.9549
265,2025-09-23T00:00:00,64,0,146.78905,0,0,0,2314.12081546,0.9839
265,2025-09-23T00:00:00,65,0,127.813066667,0,0,0,2429.15257546,0.799
265,2025-09-23T00:00:00,66,0,148.185833333,0,0,0,2562.51982546,0.5025
265,2025-09-23T00:00:00,67,637.380568379,833.333333333,0,0,41.988951712,3312.51982546,0.4662
265,2025-09-23T00:00:00,68,581.591545944,833.333333333,0,0,64.756729277,4062.51982546,0.5007
265,2025-09-23T00:00:00,69,629.442088186,833.333333333,0,0,124.145004853,4812.51982546,0.4827
265,2025-09-23T00:00:00,70,614.728925438,833.333333333,0,0,77.336142105,5562.51982546,0.4785
265,2025-09-23T00:00:00,71,585.004564931,833.333333333,0,0,95.6476815975,6312.51982546,0.4662
265,2025-09-23T00:00:00,72,542.003595949,833.333333333,0,0,161.982345949,7062.51982546,0.4432
265,2025-09-23T00:00:00,73,490.926425127,833.333333333,0,0,136.731791794,7812.51982546,0.4411
265,2025-09-23T00:00:00,74,470.537417339,833.333333333,0,0,79.1081173386,8562.51982546,0.4551
265,2025-09-23T00:00:00,75,493.536380547,833.333333333,0,0,81.2126305468,9312.51982546,0.4463
265,2025-09-23T00:00:00,76,525.496667134,833.333333333,0,0,152.625850467,10062.5198255,0.4113
265,2025-09-23T00:00:00,77,0,409.1788,0,0,0,10430.7807455,0.5682
265,2025-09-23T00:00:00,78,0,287.767916667,0,0,0,10689.7718705,0.8279
265,2025-09-23T00:00:00,79,0,122.475699485,0,0,149.435217182,10800,0.8636
265,2025-09-23T00:00:00,80,0,0,0,0,278.945616667,10800,0.8416
265,2025-09-23T00:00:00,81,0,0,0,0,248.609583333,10800,0.8618
265,2025-09-23T00:00:00,82,0,0,0,0,205.436183333,10800,0.8623
265,2025-09-23T00:00:00,83,0,0,0,0,156.054516667,10800,0.9026
265,2025-09-23T00:00:00,84,0,0,0,0,114.23875,10800,0.9754
265,2025-09-23T00:00:00,85,0,0,0,0,89.8927166667,10800,1.0002
265,2025-09-23T00:00:00,86,0,0,0,0,30.1064666667,10800,0.9978
265,2025-09-23T00:00:00,87,0,0,63.7583333333,0,0,10729.1574074,1.0271
265,2025-09-23T00:00:00,88,0,0,137.285466667,0,0,10576.618,1.0906
265,2025-09-23T00:00:00,89,0,0,202.581116667,0,0,10351.5278704,0.9376
265,2025-09-23T00:00:00,90,159.067652042,0,91.1060979584,0,0,10250.2988726,0.6694
265,2025-09-23T00:00:00,91,502.567585986,246.683735986,0,0,0,10472.314235,0.66
265,2025-09-23T00:00:00,92,285.640359731,0,2.14384026857,0,0,10469.9321903,0.7217
265,2025-09-23T00:00:00,93,356.576731157,29.0413144904,0,0,0,10496.0693733,0.7308
265,2025-09-23T00:00:00,94,392.033331391,89.7260647244,0,0,0,10576.8228316,0.7534
265,2025-09-23T00:00:00,95,402.842366681,49.8931833479,0,0,0,10621.7266966,0.7823
265,2025-09-23T00:00:00,96,434.378402974,0,59.2040970261,0,0,10555.9443666,0.8055
265,2025-09-23T00:00:00,97,523.201686746,0,66.2309632537,0,0,10482.3544074,0.8271
265,2025-09-23T00:00:00,98,599.746259336,0,36.067390664,0,0,10442.2795289,0.8519
265,2025-09-23T00:00:00,99,636.641531038,0,31.5938856284,0,0,10407.1752115,0.8791
265,2025-09-23T00:00:00,100,677.082880325,0,39.2646530085,0,0,10363.5478193,0.9024
265,2025-09-23T00:00:00,101,738.248731899,0,26.573951434,0,0,10334.0212066,0.9163
265,2025-09-23T00:00:00,102,802.805059104,0,11.2486908965,0,0,10321.5226611,0.9264
265,2025-09-23T00:00:00,103,840.210102468,0,36.8768808653,0,0,10280.5483491,0.9462
265,2025-09-23T00:00:00,104,879.644536617,0,33.6920800494,0,0,10243.1127046,0.9742
265,2025-09-23T00:00:00,105,948.051241873,0,8.33250812734,0,0,10233.8543622,0.9862
265,2025-09-23T00:00:00,106,1024.69263971,0,27.170026952,0,0,10203.6654434,0.976
265,2025-09-23T00:00:00,107,972.596504215,13.431187548,0,0,0,10215.7535122,1.0742
265,2025-09-23T00:00:00,108,838.260753497,85.615753497,0,0,0,10292.8076903,1.2313
265,2025-09-23T00:00:00,109,812.864622799,48.534772799,0,0,0,10336.4889858,1.2561
265,2025-09-23T00:00:00,110,832.835927145,2.60866047835,0,0,0,10338.8367803,1.2447
265,2025-09-23T00:00:00,111,839.91308328,5.4964166131,0,0,0,10343.7835552,1.2545
265,2025-09-23T00:00:00,112,844.731807649,8.57215764889,0,0,0,10351.4984971,1.2522
265,2025-09-23T00:00:00,113,825.059258824,14.6945588237,0,0,0,10364.7236,1.2881
265,2025-09-23T00:00:00,114,0,0,777.426666667,0,0,9500.91619262,1.3466
265,2025-09-23T00:00:00,115,0,0,799.098883333,0,0,8613.02854447,1.3523
265,2025-09-23T00:00:00,116,0,0,825.595866667,0,0,7695.69980373,1.3445
265,2025-09-23T00:00:00,117,0,0,817.816666667,0,0,6787.01461855,1.3483
265,2025-09-23T00:00:00,118,0,0,786.83635,0,0,5912.75200744,1.349
265,2025-09-23T00:00:00,119,0,0,784.2189,0,0,5041.3976741,1.3473
265,2025-09-23T00:00:00,120,0,0,811.911666667,0,0,4139.27360003,1.3482
265,2025-09-23T00:00:00,121,0,0,827.178116667,0,0,3220.18680373,1.3513
265,2025-09-23T00:00:00,122,267.126271705,0,576.441428295,0,0,2579.69632785,1.34
265,2025-09-23T00:00:00,123,0,0,833.333333333,6.375,0,1653.77040192,1.3489
265,2025-09-23T00:00:00,124,0,0,408.393361731,376.501921603,0,1200,1.3952
265,2025-09-23T00:00:00,125,794.044111977,0,0,7.61768802272,0,1200,1.2226
265,2025-09-23T00:00:00,126,787.745743811,0,0,81.4709228561,0,1200,0.9332
265,2025-09-23T00:00:00,127,809.671719827,0,0,32.8526635062,0,1200,0.9068
265,2025-09-23T00:00:00,128,798.817643629,0,0,5.77753970385,0,1200,0.9371
265,2025-09-23T00:00:00,129,770.083784396,0,0,43.2978822702,0,1200,0.9371
265,2025-09-23T00:00:00,130,794.608731395,0,0,35.2604019382,0,1200,0.9871
265,2025-09-23T00:00:00,131,752.845297689,0,0,15.3412023108,0,1200,0.7764
265,2025-09-23T00:00:00,132,648.661215553,9.41788221981,0,0,0,1208.476094,0.4209
265,2025-09-23T00:00:00,133,616.469121986,63.0275553197,0,0,0,1265.20089379,0.3859
265,2025-09-23T00:00:00,134,618.193490033,35.5149233659,0,0,0,1297.16432481,0.4368
265,2025-09-23T00:00:00,135,618.106101528,0,29.1005651386,0,0,1264.83036355,0.4198
265,2025-09-23T00:00:00,136,625.472076244,28.7722262442,0,0,0,1290.72536717,0.4186
265,2025-09-23T00:00:00,137,636.194564579,80.8422812462,0,0,0,1363.48342029,0.4241
265,2025-09-23T00:00:00,138,640.952961166,71.602961166,0,0,0,1427.92608534,0.4237
265,2025-09-23T00:00:00,139,630.605676266,65.9498095992,0,0,0,1487.28091398,0.4248
265,2025-09-23T00:00:00,140,627.98847527,51.4869086033,0,0,0,1533.61913172,0.424
265,2025-09-23T00:00:00,141,628.997691529,18.6726915286,0,0,0,1550.4245541,0.422
265,2025-09-23T00:00:00,142,614.847776371,0,2.2195236292,0,0,1547.95841673,0.424
265,2025-09-23T00:00:00,143,625.982300205,57.6842168713,0,0,0,1599.87421192,0.4271
265,2025-09-23T00:00:00,144,646.490838585,121.889171918,0,0,0,1709.57446664,0.4276
266,2025-09-24T00:00:00,1,1448.93421803,833.333333333,0,0,38.0951846984,2459.57446664,0.4248
266,2025-09-24T00:00:00,2,1436.08400963,821.461259634,0,0,0,3198.88960031,0.4245
266,2025-09-24T00:00:00,3,1449.06803012,833.333333333,0,0,26.6780301166,3948.88960031,0.4269
266,2025-09-24T00:00:00,4,1433.65681659,833.333333333,0,0,36.4747499193,4698.88960031,0.4272
266,2025-09-24T00:00:00,5,1439.78066399,833.333333333,0,0,35.9876639908,5448.88960031,0.4271
266,2025-09-24T00:00:00,6,1466.0343474,833.333333333,0,0,42.3076807319,6198.88960031,0.4285
266,2025-09-24T00:00:00,7,725.538527343,141.428027343,0,0,0,6326.17482492,0.4311
266,2025-09-24T00:00:00,8,1441.55066562,833.333333333,0,0,19.4198656196,7076.17482492,0.4302
266,2025-09-24T00:00:00,9,1435.83987153,824.371538192,0,0,0,7818.1092093,0.4279
266,2025-09-24T00:00:00,10,600.212267664,0,14.5665490025,0,0,7801.92415485,0.4312
266,2025-09-24T00:00:00,11,587.153169602,1.9034362682,0,0,0,7803.63724749,0.4333
266,2025-09-24T00:00:00,12,1410.90015062,833.333333333,0,0,14.0451506195,8553.63724749,0.4311
266,2025-09-24T00:00:00,13,1432.79816868,828.377235345,0,0,0,9299.1767593,0.4293
266,2025-09-24T00:00:00,14,608.066252736,0,24.2645972645,0,0,9272.21609567,0.4324
266,2025-09-24T00:00:00,15,595.332956027,0,16.8470439726,0,0,9253.49715793,0.4367
266,2025-09-24T00:00:00,16,598.291976631,14.808109964,0,0,0,9266.82445689,0.4348
266,2025-09-24T00:00:00,17,599.727352592,12.478552592,0,0,0,9278.05515423,0.4335
266,2025-09-24T00:00:00,18,591.882451546,0,23.4842151206,0,0,9251.96158187,0.4357
266,2025-09-24T00:00:00,19,593.009382896,0,30.4079337708,0,0,9218.17498879,0.4374
266,2025-09-24T00:00:00,20,604.795902053,0,11.9643979469,0,0,9204.8812133,0.4371
266,2025-09-24T00:00:00,21,613.743556802,0,7.22477653155,0,0,9196.85368382,0.4356
266,2025-09-24T00:00:00,22,609.692960807,0,37.2965558593,0,0,9155.41306619,0.4353
266,2025-09-24T00:00:00,23,608.184615025,0,15.2716349754,0,0,9138.44458289,0.436
266,2025-09-24T00:00:00,24,609.217076411,34.4854097442,0,0,0,9169.48145166,0.4378
266,2025-09-24T00:00:00,25,601.972006296,4.32773962976,0,0,0,9173.37641733,0.4401
266,2025-09-24T00:00:00,26,601.801858679,0,15.592074654,0,0,9156.05188993,0.4389
266,2025-09-24T00:00:00,27,609.738989662,2.29732299524,0,0,0,9158.11948063,0.4364
266,2025-09-24T00:00:00,28,616.177352105,0,0.688814561471,0,0,9157.35413111,0.4393
266,2025-09-24T00:00:00,29,626.098438611,0,2.10001138864,0,0,9155.02078513,0.4422
266,2025-09-24T00:00:00,30,633.119375415,9.73937541501,0,0,0,9163.786223,0.4395
266,2025-09-24T00:00:00,31,629.641240365,19.1542403652,0,0,0,9181.02503933,0.4333
266,2025-09-24T00:00:00,32,644.976458085,14.6498414182,0,0,0,9194.20989661,0.4439
266,2025-09-24T00:00:00,33,1489.34360955,833.333333333,0,0,11.7786095464,9944.20989661,0.4301
266,2025-09-24T00:00:00,34,1466.02246261,833.333333333,0,0,44.0769959448,10694.2098966,0.3713
266,2025-09-24T00:00:00,35,718.57258585,75.9060858497,0,0,0,10762.5253739,0.5708
266,2025-09-24T00:00:00,36,21.7513067994,0,765.330359867,0,0,9912.15830735,0.9099
266,2025-09-24T00:00:00,37,0,0,795.96885,0,0,9027.74847402,0.9368
266,2025-09-24T00:00:00,38,0,0,743.78865,0,0,8201.31664068,0.8758
266,2025-09-24T00:00:00,39,0,0,704.025,0,0,7419.06664068,0.8759
266,2025-09-24T00:00:00,40,0,0,672.296033333,0,0,6672.07104809,0.8601
266,2025-09-24T00:00:00,41,0,0,633.020766667,0,0,5968.71464068,0.8442
266,2025-09-24T00:00:00,42,105.713689046,0,469.299227621,0,0,5447.27105444,0.8334
266,2025-09-24T00:00:00,43,521.485320325,19.4603036588,0,0,0,5464.78532773,0.8092
266,2025-09-24T00:00:00,44,475.264740068,25.9253067342,0,0,0,5488.11810379,0.7972
266,2025-09-24T00:00:00,45,409.544776813,11.9356101465,0,0,0,5498.86015293,0.7644
266,2025-09-24T00:00:00,46,346.454218666,26.6975353329,0,0,0,5522.88793472,0.6899
266,2025-09-24T00:00:00,47,0,0,393.7377,0,0,5085.40160139,0.86
266,2025-09-24T00:00:00,48,0,0,535.237083333,0,0,4490.69373102,1.1617
266,2025-09-24T00:00:00,49,0,0,469.44025,0,0,3969.09345324,1.1683
266,2025-09-24T00:00:00,50,0,0,404.259466667,0,0,3519.91626806,1.0956
266,2025-09-24T00:00:00,51,0,0,395.638333333,0,0,3080.31811991,1.0849
266,2025-09-24T00:00:00,52,0,0,294.31705,0,0,2753.29917547,1.061
266,2025-09-24T00:00:00,53,0,0,227.382333333,0,0,2500.65213843,1.043
266,2025-09-24T00:00:00,54,0,0,229.032916667,0,0,2246.17111991,1.036
266,2025-09-24T00:00:00,55,0,0,194.199216667,0,0,2030.3942125,1.0147
266,2025-09-24T00:00:00,56,0,0,121.34985,0,0,1895.56104584,0.9922
266,2025-09-24T00:00:00,57,0,0,49.7616666667,0,0,1840.2703051,0.97
266,2025-09-24T00:00:00,58,0,0,8.13781666667,0,0,1831.22828658,0.9422
266,2025-09-24T00:00:00,59,0,64.4248666667,0,0,0,1889.21066658,0.9569
266,2025-09-24T00:00:00,60,0,134.687083333,0,0,0,2010.42904158,0.9977
266,2025-09-24T00:00:00,61,0,109.06555,0,0,0,2108.58803658,0.9919
266,2025-09-24T00:00:00,62,0,113.393116667,0,0,0,2210.64184158,0.9588
266,2025-09-24T00:00:00,63,0,194.0425,0,0,0,2385.28009158,0.9549
266,2025-09-24T00:00:00,64,0,265.45395,0,0,0,2624.18864658,0.9839
266,2025-09-24T00:00:00,65,0,262.0768,0,0,0,2860.05776658,0.799
266,2025-09-24T00:00:00,66,612.032227017,833.333333333,0,0,25.3388936832,3610.05776658,0.5025
266,2025-09-24T00:00:00,67,631.364928312,833.333333333,0,0,129.605161645,4360.05776658,0.4662
266,2025-09-24T00:00:00,68,604.894834225,833.333333333,0,0,121.551100892,5110.05776658,0.5007
266,2025-09-24T00:00:00,69,607.451524784,833.333333333,0,0,43.3052747838,5860.05776658,0.4827
266,2025-09-24T00:00:00,70,614.717645462,833.333333333,0,0,14.9221954618,6610.05776658,0.4785
266,2025-09-24T00:00:00,71,588.518198776,833.333333333,0,0,27.5973321091,7360.05776658,0.4662
266,2025-09-24T00:00:00,72,542.894604954,833.333333333,0,0,51.1021049537,8110.05776658,0.4432
266,2025-09-24T00:00:00,73,529.619114935,833.333333333,0,0,66.2521982682,8860.05776658,0.4411
266,2025-09-24T00:00:00,74,508.81021996,833.333333333,0,0,26.6585199596,9610.05776658,0.4551
266,2025-09-24T00:00:00,75,491.06867901,801.360345677,0,0,0,10331.2820777,0.4463
266,2025-09-24T00:00:00,76,523.048175757,520.79769146,0,0,285.479400963,10800,0.4113
266,2025-09-24T00:00:00,77,0,0,0,0,287.55595,10800,0.5682
266,2025-09-24T00:00:00,78,0,0,0,0,300.800833333,10800,0.8279
266,2025-09-24T00:00:00,79,0,0,0,0,282.743983333,10800,0.8636
266,2025-09-24T00:00:00,80,0,0,0,0,262.495283333,10800,0.8416
266,2025-09-24T00:00:00,81,0,0,0,0,268.9775,10800,0.8618
266,2025-09-24T00:00:00,82,0,0,0,0,297.207366667,10800,0.8623
266,2025-09-24T00:00:00,83,0,0,0,0,281.3968,10800,0.9026
266,2025-09-24T00:00:00,84,0,0,0,0,213.33,10800,0.9754
266,2025-09-24T00:00:00,85,0,0,0,0,148.03405,10800,1.0002
266,2025-09-24T00:00:00,86,0,0,0,0,102.680633333,10800,0.9978
266,2025-09-24T00:00:00,87,0,0,0,0,72.34375,10800,1.0271
266,2025-09-24T00:00:00,88,0,0,0,0,42.4820833333,10800,1.0906
266,2025-09-24T00:00:00,89,0,0,0,0,6.82011666667,10800,0.9376
266,2025-09-24T00:00:00,90,153.806562373,0,0,0,101.022812373,10800,0.6694
266,2025-09-24T00:00:00,91,528.667639445,0,0,0,377.633922778,10800,0.66
266,2025-09-24T00:00:00,92,279.618786542,0,0,0,45.0250698751,10800,0.7217
266,2025-09-24T00:00:00,93,319.231624613,0,0,0,41.6945412795,10800,0.7308
266,2025-09-24T00:00:00,94,362.112398735,0,0,0,56.0721987353,10800,0.7534
266,2025-09-24T00:00:00,95,429.882038831,0,0,0,57.3196388308,10800,0.7823
266,2025-09-24T00:00:00,96,496.023091365,0,0,0,47.5680913646,10800,0.8055
266,2025-09-24T00:00:00,97,512.526582179,0,0,0,48.2232821792,10800,0.8271
266,2025-09-24T00:00:00,98,568.20030838,0,0,0,38.9951583799,10800,0.8519
266,2025-09-24T00:00:00,99,660.908063743,0,0,0,26.4009804095,10800,0.8791
266,2025-09-24T00:00:00,100,701.148838878,0,0,0,37.9019222113,10800,0.9024
266,2025-09-24T00:00:00,101,732.222764376,0,0,0,19.2485977097,10800,0.9163
266,2025-09-24T00:00:00,102,782.297226263,0,26.8752737372,0,0,10770.1385847,0.9264
266,2025-09-24T00:00:00,103,831.683170232,0,40.0804631013,0,0,10725.6047368,0.9462
266,2025-09-24T00:00:00,104,895.050071113,0,13.8761122208,0,0,10710.1868344,0.9742
266,2025-09-24T00:00:00,105,974.089208463,9.27545846289,0,0,0,10718.534747,0.9862
266,2025-09-24T00:00:00,106,1030.99978799,0,10.9013120117,0,0,10706.4221781,0.976
266,2025-09-24T00:00:00,107,940.41361594,0,0.0564007266593,0,0,10706.3595106,1.0742
266,2025-09-24T00:00:00,108,789.634709495,48.2313761621,0,0,0,10749.7677492,1.2313
266,2025-09-24T00:00:00,109,795.833258333,52.2391416663,0,0,0,10796.7829767,1.2561
266,2025-09-24T00:00:00,110,817.673992493,3.57447037251,0,0,0.266405454164,10800,1.2447
266,2025-09-24T00:00:00,111,791.879555652,0,32.1954443479,0,0,10764.2272841,1.2545
266,2025-09-24T00:00:00,112,820.635725266,28.6892085998,0,0,0,10790.0475718,1.2522
266,2025-09-24T00:00:00,113,840.262523435,11.0582535581,0,0,64.4280532105,10800,1.2881
266,2025-09-24T00:00:00,114,0,0,776.976666667,0,0,9936.69259259,1.3466
266,2025-09-24T00:00:00,115,0,0,819.40935,0,0,9026.23775926,1.3523
266,2025-09-24T00:00:00,116,0,0,787.701083333,0,0,8151.01433333,1.3445
266,2025-09-24T00:00:00,117,0,0,724.668333333,0,0,7345.8272963,1.3483
266,2025-09-24T00:00:00,118,0,0,776.519966667,0,0,6483.02733333,1.349
266,2025-09-24T00:00:00,119,0,0,825.116933333,0,0,5566.23074074,1.3473
266,2025-09-24T00:00:00,120,0,0,810.971666667,0,0,4665.15111111,1.3482
266,2025-09-24T00:00:00,121,0,0,792.5119,0,0,3784.58233333,1.3513
266,2025-09-24T00:00:00,122,169.963464536,0,622.417518797,0,0,3093.00731245,1.34
266,2025-09-24T00:00:00,123,0,0,801.013333333,0,0,2202.99249763,1.3489
266,2025-09-24T00:00:00,124,0,0,794.242483333,0,0,1320.50084948,1.3952
266,2025-09-24T00:00:00,125,780.448639748,2.97765641492,0,0,0,1323.18074026,1.2226
266,2025-09-24T00:00:00,126,793.176678127,18.2966781272,0,0,0,1339.64775057,0.9332
266,2025-09-24T00:00:00,127,810.696564662,5.16789799552,0,0,0,1344.29885877,0.9068
266,2025-09-24T00:00:00,128,808.351127414,0,17.1227225864,0,0,1325.27361145,0.9371
266,2025-09-24T00:00:00,129,803.300531107,0,18.6794688931,0,0,1304.51864601,0.9371
266,2025-09-24T00:00:00,130,827.212819164,19.7998358302,0,0,0,1322.33849826,0.9871
266,2025-09-24T00:00:00,131,754.656257512,42.0124241785,0,0,0,1360.14968002,0.7764
266,2025-09-24T00:00:00,132,624.34535949,30.5870261567,0,0,0,1387.67800356,0.4209
266,2025-09-24T00:00:00,133,611.038358221,22.4832915541,0,0,0,1407.91296596,0.3859
266,2025-09-24T00:00:00,134,616.762488185,32.5777715181,0,0,0,1437.23296033,0.4368
266,2025-09-24T00:00:00,135,603.676199912,42.6228665788,0,0,0,1475.59354025,0.4198
266,2025-09-24T00:00:00,136,636.126807448,28.3318407818,0,0,0,1501.09219695,0.4186
266,2025-09-24T00:00:00,137,662.505894103,40.5192607697,0,0,0,1537.55953164,0.4241
266,2025-09-24T00:00:00,138,648.656015069,57.6476817358,0,0,0,1589.44244521,0.4237
266,2025-09-24T00:00:00,139,611.717381964,9.11631529742,0,0,0,1597.64712897,0.4248
266,2025-09-24T00:00:00,140,605.149614248,11.7581475817,0,0,0,1608.2294618,0.424
266,2025-09-24T00:00:00,141,623.055503732,56.9221703986,0,0,0,1659.45941516,0.422
266,2025-09-24T00:00:00,142,616.142959608,20.6935262743,0,0,0,1678.0835888,0.424
266,2025-09-24T00:00:00,143,612.964952507,0,10.8356308263,0,0,1666.043999,0.4271
266,2025-09-24T00:00:00,144,624.654672784,17.2396727835,0,0,0,1681.5597045,0.4276
354,2025-12-21T00:00:00,1,1486.7235353,833.333333333,0,0,57.3724853044,3449.21966165,0.4248
354,2025-12-21T00:00:00,2,1471.14127826,833.333333333,0,0,48.1627782575,4199.21966165,0.4245
354,2025-12-21T00:00:00,3,1485.21313657,833.333333333,0,0,73.1964699063,4949.21966165,0.4269
354,2025-12-21T00:00:00,4,1511.31128105,833.333333333,0,0,113.267914384,5699.21966165,0.4272
354,2025-12-21T00:00:00,5,1522.10310148,833.333333333,0,0,138.865884809,6449.21966165,0.4271
354,2025-12-21T00:00:00,6,1511.97391294,833.333333333,0,0,120.430579606,7199.21966165,0.4285
354,2025-12-21T00:00:00,7,666.548917464,56.2004007975,0,0,0,7249.80002237,0.4311
354,2025-12-21T00:00:00,8,1338.96924219,705.733292189,0,0,0,7884.95998534,0.4302
354,2025-12-21T00:00:00,9,1517.15460567,833.333333333,0,0,61.1246056711,8634.95998534,0.4279
354,2025-12-21T00:00:00,10,677.469017452,39.9797507852,0,0,0,8670.94176105,0.4312
354,2025-12-21T00:00:00,11,671.277540802,48.9095408023,0,0,0,8714.96034777,0.4333
354,2025-12-21T00:00:00,12,676.192808584,78.3344752505,0,0,0,8785.4613755,0.4311
354,2025-12-21T00:00:00,13,1519.70393643,833.333333333,0,0,43.6243697588,9535.4613755,0.4293
354,2025-12-21T00:00:00,14,699.943358682,46.0742420155,0,0,0,9576.92819331,0.4324
354,2025-12-21T00:00:00,15,712.984165606,91.234165606,0,0,0,9659.03894235,0.4367
354,2025-12-21T00:00:00,16,722.693191813,86.0498584798,0,0,0,9736.48381499,0.4348
354,2025-12-21T00:00:00,17,712.989352501,81.0786191674,0,0,0,9809.45457224,0.4335
354,2025-12-21T00:00:00,18,698.773151746,73.4848184123,0,0,0,9875.59090881,0.4357
354,2025-12-21T00:00:00,19,713.182683059,16.4249997258,0,0,0,9890.37340856,0.4374
354,2025-12-21T00:00:00,20,726.197485871,40.3087025376,0,0,0,9926.65124085,0.4371
354,2025-12-21T00:00:00,21,717.939564727,93.1495647265,0,0,0,10010.4858491,0.4356
354,2025-12-21T00:00:00,22,704.177731967,0.763431966822,0,0,0,10011.1729379,0.4353
354,2025-12-21T00:00:00,23,712.982151572,0,24.3387984281,0,0,9984.1298285,0.436
354,2025-12-21T00:00:00,24,732.77429406,52.9159607267,0,0,0,10031.7541932,0.4378
354,2025-12-21T00:00:00,25,728.164640727,55.0075740599,0,0,0,10081.2610098,0.4401
354,2025-12-21T00:00:00,26,735.232414347,54.8331810134,0,0,0,10130.6108727,0.4389
354,2025-12-21T00:00:00,27,762.833169448,85.3548361149,0,0,0,10207.4302252,0.4364
354,2025-12-21T00:00:00,28,783.114285558,96.1345522252,0,0,0,10293.9513222,0.4393
354,2025-12-21T00:00:00,29,773.478694357,92.8761276902,0,0,0,10377.5398372,0.4422
354,2025-12-21T00:00:00,30,756.736433685,84.6847670184,0,0,0,10453.7561275,0.4395
354,2025-12-21T00:00:00,31,776.234374998,73.2443916647,0,0,0,10519.67608,0.4333
354,2025-12-21T00:00:00,32,782.637159721,73.7624263875,0,0,0,10586.0622637,0.4439
354,2025-12-21T00:00:00,33,1591.87661089,237.708595872,0,0,676.404681689,10800,0.4301
354,2025-12-21T00:00:00,34,1587.07309572,0,0,0,907.448679051,10800,0.3713
354,2025-12-21T00:00:00,35,839.450295338,0,0,0,53.1645286717,10800,0.5708
354,2025-12-21T00:00:00,36,953.800456663,0,0,0,38.6921233296,10800,0.9099
354,2025-12-21T00:00:00,37,282.964959963,0,623.514606704,0,0,10107.2059926,0.9368
354,2025-12-21T00:00:00,38,939.13228557,37.8268689034,0,0,0,10141.2501746,0.8758
354,2025-12-21T00:00:00,39,949.018800412,17.8438004118,0,0,0,10157.3095949,0.8759
354,2025-12-21T00:00:00,40,958.478768302,67.6204349686,0,0,0,10218.1679864,0.8601
354,2025-12-21T00:00:00,41,967.421406874,95.2132402072,0,0,0,10303.8599026,0.8442
354,2025-12-21T00:00:00,42,966.315540928,70.6155409281,0,0,0,10367.4138894,0.8334
354,2025-12-21T00:00:00,43,922.180247617,57.4967142834,0,0,0,10419.1609323,0.8092
354,2025-12-21T00:00:00,44,880.473584683,63.5945846834,0,0,0,10476.3960585,0.7972
354,2025-12-21T00:00:00,45,844.055527569,87.2146942361,0,0,0,10554.8892833,0.7644
354,2025-12-21T00:00:00,46,1631.44803599,272.345240766,0,0,680.911628555,10800,0.6899
354,2025-12-21T00:00:00,47,856.286349684,0,0,0,87.5509996844,10800,0.86
354,2025-12-21T00:00:00,48,136.433990564,0,803.720592769,0,0,9906.97711915,1.1617
354,2025-12-21T00:00:00,49,129.827992931,0,769.204823735,0,0,9052.30509277,1.1683
354,2025-12-21T00:00:00,50,76.164292993,0,747.381523674,0,0,8221.88117758,1.0956
354,2025-12-21T00:00:00,51,32.328228972,0,765.569271028,0,0,7371.24865422,1.0849
354,2025-12-21T00:00:00,52,0,0,729.992316667,0,0,6560.14608014,1.061
354,2025-12-21T00:00:00,53,0,0,680.076133333,0,0,5804.50593199,1.043
354,2025-12-21T00:00:00,54,0,0,652.34375,0,0,5079.6795431,1.036
354,2025-12-21T00:00:00,55,0,0,584.00365,0,0,4430.78659866,1.0147
354,2025-12-21T00:00:00,56,0,0,527.685366667,0,0,3844.46952459,0.9922
354,2025-12-21T00:00:00,57,352.626678579,0,153.038321421,0,0,3674.42694523,0.97
354,2025-12-21T00:00:00,58,594.738364529,113.279497862,0,0,0,3776.3784933,0.9422
354,2025-12-21T00:00:00,59,540.094348957,113.493898957,0,0,0,3878.52300237,0.9569
354,2025-12-21T00:00:00,60,0,0,360.307083333,0,0,3478.18179866,0.9977
354,2025-12-21T00:00:00,61,0,0,331.193616667,0,0,3110.18889125,0.9919
354,2025-12-21T00:00:00,62,444.446756837,118.353323503,0,0,0,3216.70688241,0.9588
354,2025-12-21T00:00:00,63,395.225016431,63.4404330978,0,0,0,3273.8032722,0.9549
354,2025-12-21T00:00:00,64,0,0,349.0795,0,0,2885.93716108,0.9839
354,2025-12-21T00:00:00,65,363.484415991,0,7.57633400852,0,0,2877.51901219,0.799
354,2025-12-21T00:00:00,66,1200.29854637,819.063963041,0,0,0,3614.67657892,0.5025
354,2025-12-21T00:00:00,67,1152.30211246,790.20447913,0,0,0,4325.86061014,0.4662
354,2025-12-21T00:00:00,68,1109.39902532,787.147875321,0,0,0,5034.29369793,0.5007
354,2025-12-21T00:00:00,69,1108.22792537,825.257508701,0,0,0,5777.02545576,0.4827
354,2025-12-21T00:00:00,70,1121.79014216,833.333333333,0,0,36.4480754885,6527.02545576,0.4785
354,2025-12-21T00:00:00,71,1101.14942853,833.333333333,0,0,103.108678528,7277.02545576,0.4662
354,2025-12-21T00:00:00,72,1050.28339142,833.333333333,0,0,143.600058091,8027.02545576,0.4432
354,2025-12-21T00:00:00,73,1022.48783924,833.333333333,0,0,89.6598059017,8777.02545576,0.4411
354,2025-12-21T00:00:00,74,1036.51430822,833.333333333,0,0,94.4859915505,9527.02545576,0.4551
354,2025-12-21T00:00:00,75,1055.63499002,833.333333333,0,0,154.199990015,10277.0254558,0.4463
354,2025-12-21T00:00:00,76,1031.41260171,581.082826933,0,0,364.998008111,10800,0.4113
354,2025-12-21T00:00:00,77,1056.67670409,0,0,0,896.194604085,10800,0.5682
354,2025-12-21T00:00:00,78,298.701992188,0,0,0,57.7015755215,10800,0.8279
354,2025-12-21T00:00:00,79,320.115379144,0,0,0,55.8028958109,10800,0.8636
354,2025-12-21T00:00:00,80,317.63499076,0,0,0,92.248824093,10800,0.8416
354,2025-12-21T00:00:00,81,325.236114552,0,0,0,148.214447885,10800,0.8618
354,2025-12-21T00:00:00,82,345.870389741,0,0,0,153.360689741,10800,0.8623
354,2025-12-21T00:00:00,83,368.285194335,0,0,0,114.661077669,10800,0.9026
354,2025-12-21T00:00:00,84,0,0,301.882916667,0,0,10464.574537,0.9754
354,2025-12-21T00:00:00,85,0,0,294.896583333,0,0,10136.9116667,1.0002
354,2025-12-21T00:00:00,86,0,0,317.71575,0,0,9783.89416667,0.9978
354,2025-12-21T00:00:00,87,0,0,384.197083333,0,0,9357.00851852,1.0271
354,2025-12-21T00:00:00,88,0,0,430.384333333,0,0,8878.8037037,1.0906
354,2025-12-21T00:00:00,89,107.958404721,0,383.074345279,0,0,8453.16554228,0.9376
354,2025-12-21T00:00:00,90,1465.07209567,833.333333333,0,0,73.1983456665,9203.16554228,0.6694
354,2025-12-21T00:00:00,91,1500.15179195,833.333333333,0,0,80.3648752858,9953.16554228,0.66
354,2025-12-21T00:00:00,92,1522.11593616,833.333333333,0,0,47.9765194886,10703.1655423,0.7217
354,2025-12-21T00:00:00,93,1558.84252488,107.593841908,0,0,743.560766309,10800,0.7308
354,2025-12-21T00:00:00,94,1614.40810663,0,0,0,905.713539967,10800,0.7534
354,2025-12-21T00:00:00,95,813.233463995,0,0,0,76.3883139952,10800,0.7823
354,2025-12-21T00:00:00,96,824.599072519,0,0,0,28.6686558527,10800,0.8055
354,2025-12-21T00:00:00,97,859.882762194,0,0,0,58.5008955272,10800,0.8271
354,2025-12-21T00:00:00,98,899.685762752,0,0,0,57.0426127515,10800,0.8519
354,2025-12-21T00:00:00,99,946.46863563,0,0,0,21.3594689632,10800,0.8791
354,2025-12-21T00:00:00,100,1018.70984584,0,0,0,58.9170458365,10800,0.9024
354,2025-12-21T00:00:00,101,1044.87995637,0,0,0,52.015773036,10800,0.9163
354,2025-12-21T00:00:00,102,1029.97552375,0,0,0,1.1788570815,10800,0.9264
354,2025-12-21T00:00:00,103,1043.72371721,0,0,0,25.0280172135,10800,0.9462
354,2025-12-21T00:00:00,104,1058.28801481,0,0,0,32.537714815,10800,0.9742
354,2025-12-21T00:00:00,105,1064.08054729,0,0,0,7.61888062404,10800,0.9862
354,2025-12-21T00:00:00,106,1081.81594847,0,0,0,33.4668151375,10800,0.976
354,2025-12-21T00:00:00,107,963.476211739,0,0,0,64.7327784058,10800,1.0742
354,2025-12-21T00:00:00,108,781.193984,0,0,0,68.5606506666,10800,1.2313
354,2025-12-21T00:00:00,109,777.811533249,0,0,0,62.3970832493,10800,1.2561
354,2025-12-21T00:00:00,110,799.415888261,0,0,0,51.1479549279,10800,1.2447
354,2025-12-21T00:00:00,111,773.752201251,0,0,0,43.7438679178,10800,1.2545
354,2025-12-21T00:00:00,112,778.779252829,0,0,0,44.4348694956,10800,1.2522
354,2025-12-21T00:00:00,113,624.817143488,0,125.266073179,0,0,10660.8154742,1.2881
354,2025-12-21T00:00:00,114,0,0,748.46,0,0,9829.19325202,1.3466
354,2025-12-21T00:00:00,115,0,0,722.483233333,0,0,9026.43410388,1.3523
354,2025-12-21T00:00:00,116,0,0,726.165516667,0,0,8219.5835298,1.3445
354,2025-12-21T00:00:00,117,0,0,744.431666667,0,0,7392.43723351,1.3483
354,2025-12-21T00:00:00,118,0,0,716.9287,0,0,6595.84978906,1.349
354,2025-12-21T00:00:00,119,0,0,733.1195,0,0,5781.27256684,1.3473
354,2025-12-21T00:00:00,120,0,0,780.268333333,0,0,4914.30775202,1.3482
354,2025-12-21T00:00:00,121,0,0,747.5859,0,0,4083.65675202,1.3513
354,2025-12-21T00:00:00,122,0,0,692.8171,0,0,3313.85997425,1.34
354,2025-12-21T00:00:00,123,0,0,681.751666667,0,0,2556.35812239,1.3489
354,2025-12-21T00:00:00,124,0,0,720.3711,0,0,1755.94578906,1.3952
354,2025-12-21T00:00:00,125,763.436921526,40.6367548593,0,0,0,1792.51886843,1.2226
354,2025-12-21T00:00:00,126,769.631631307,78.8882979734,0,0,0,1863.51833661,0.9332
354,2025-12-21T00:00:00,127,754.09963792,49.5561379198,0,0,0,1908.11886074,0.9068
354,2025-12-21T00:00:00,128,751.496660921,30.3359442539,0,0,0,1935.42121057,0.9371
354,2025-12-21T00:00:00,129,772.230674677,45.925674677,0,0,0,1976.75431778,0.9371
354,2025-12-21T00:00:00,130,782.595117008,43.0760836745,0,0,0,2015.52279308,0.9871
354,2025-12-21T00:00:00,131,716.49952657,38.0002932364,0,0,0,2049.723057,0.7764
354,2025-12-21T00:00:00,132,619.170710137,46.7707101368,0,0,0,2091.81669612,0.4209
354,2025-12-21T00:00:00,133,611.734043386,66.6417267193,0,0,0,2151.79425017,0.3859
354,2025-12-21T00:00:00,134,629.711945713,78.8758123797,0,0,0,2222.78248131,0.4368
354,2025-12-21T00:00:00,135,623.517236352,80.917236352,0,0,0,2295.60799402,0.4198
354,2025-12-21T00:00:00,136,607.295501343,81.3765013434,0,0,0,2368.84684523,0.4186
354,2025-12-21T00:00:00,137,606.403415761,63.0094990945,0,0,0,2425.55539442,0.4241
354,2025-12-21T00:00:00,138,623.534447238,38.7061139051,0,0,0,2460.39089693,0.4237
354,2025-12-21T00:00:00,139,639.710351924,47.2577852571,0,0,0,2502.92290366,0.4248
354,2025-12-21T00:00:00,140,649.893720183,83.9499201831,0,0,0,2578.47783183,0.424
354,2025-12-21T00:00:00,141,649.455476254,98.5238095873,0,0,0,2667.14926046,0.422
354,2025-12-21T00:00:00,142,636.748444703,46.7882280363,0,0,0,2709.25866569,0.424
354,2025-12-21T00:00:00,143,648.705363575,53.3735302417,0,0,0,2757.29484291,0.4271
354,2025-12-21T00:00:00,144,669.882657443,92.4826574435,0,0,0,2840.52923461,0.4276
355,2025-12-22T00:00:00,1,1448.50996242,824.277262424,0,0,0,3582.37877079,0.4248
355,2025-12-22T00:00:00,2,1445.22591004,826.556293375,0,0,0,4326.27943483,0.4245
355,2025-12-22T00:00:00,3,1471.60404289,833.333333333,0,0,71.8690428865,5076.27943483,0.4269
355,2025-12-22T00:00:00,4,1470.6987079,833.333333333,0,0,41.1193912298,5826.27943483,0.4272
355,2025-12-22T00:00:00,5,1483.71358043,833.333333333,0,0,19.1529470967,6576.27943483,0.4271
355,2025-12-22T00:00:00,6,1508.54586098,833.333333333,0,0,41.1191943173,7326.27943483,0.4285
355,2025-12-22T00:00:00,7,665.547448171,19.7848815039,0,0,0,7344.08582818,0.4311
355,2025-12-22T00:00:00,8,1168.56611533,519.779698661,0,0,0,7811.88755698,0.4302
355,2025-12-22T00:00:00,9,1495.00613162,833.333333333,0,0,20.7944649515,8561.88755698,0.4279
355,2025-12-22T00:00:00,10,650.289973814,5.87224048032,0,0,0,8567.17257341,0.4312
355,2025-12-22T00:00:00,11,656.069023977,0,0.734976022845,0,0,8566.35593338,0.4333
355,2025-12-22T00:00:00,12,684.072297629,27.4289642959,0,0,0,8591.04200125,0.4311
355,2025-12-22T00:00:00,13,1534.3112658,833.333333333,0,0,70.7107157957,9341.04200125,0.4293
355,2025-12-22T00:00:00,14,687.233043645,47.3331769783,0,0,0,9383.64186053,0.4324
355,2025-12-22T00:00:00,15,668.129131151,0,11.1958688491,0,0,9371.20200625,0.4367
355,2025-12-22T00:00:00,16,690.87235572,14.9006223868,0,0,0,9384.6125664,0.4348
355,2025-12-22T00:00:00,17,698.134117564,55.7722675643,0,0,0,9434.80760721,0.4335
355,2025-12-22T00:00:00,18,683.175816061,62.6524827278,0,0,0,9491.19484166,0.4357
355,2025-12-22T00:00:00,19,694.220613456,50.1306467896,0,0,0,9536.31242377,0.4374
355,2025-12-22T00:00:00,20,696.030418057,11.7265180569,0,0,0,9546.86629002,0.4371
355,2025-12-22T00:00:00,21,695.031034195,0,7.8222991385,0,0,9538.17484654,0.4356
355,2025-12-22T00:00:00,22,735.492364304,51.2718309703,0,0,0,9584.31949441,0.4353
355,2025-12-22T00:00:00,23,743.507277664,66.4971109969,0,0,0,9644.16689431,0.436
355,2025-12-22T00:00:00,24,715.758372202,28.1783722024,0,0,0,9669.52742929,0.4378
355,2025-12-22T00:00:00,25,720.966834184,45.0854175171,0,0,0,9710.10430506,0.4401
355,2025-12-22T00:00:00,26,714.525860271,64.7464269372,0,0,0,9768.3760893,0.4389
355,2025-12-22T00:00:00,27,700.437843569,54.7928435692,0,0,0,9817.68964851,0.4364
355,2025-12-22T00:00:00,28,736.884307246,47.7309405793,0,0,0,9860.64749503,0.4393
355,2025-12-22T00:00:00,29,759.552357846,55.4512411795,0,0,0,9910.55361209,0.4422
355,2025-12-22T00:00:00,30,749.895253545,59.8869202115,0,0,0,9964.45184028,0.4395
355,2025-12-22T00:00:00,31,754.3423363,35.9354196335,0,0,0,9996.79371795,0.4333
355,2025-12-22T00:00:00,32,767.581999581,23.1807829141,0,0,0,10017.6564226,0.4439
355,2025-12-22T00:00:00,33,1595.61245356,833.333333333,0,0,46.8207868954,10767.6564226,0.4301
355,2025-12-22T00:00:00,34,1574.14101855,35.937308247,0,0,889.002960301,10800,0.3713
355,2025-12-22T00:00:00,35,827.8398868,0,0,0,87.8696534664,10800,0.5708
355,2025-12-22T00:00:00,36,964.296814858,0,0,0,47.5018148581,10800,0.9099
355,2025-12-22T00:00:00,37,285.941670969,0,619.736579031,0,0,10111.4038011,0.9368
355,2025-12-22T00:00:00,38,950.363223058,99.1609063918,0,0,0,10200.6486168,0.8758
355,2025-12-22T00:00:00,39,983.49345104,128.821784374,0,0,0,10316.5882228,0.8759
355,2025-12-22T00:00:00,40,973.788181932,103.536915266,0,0,0,10409.7714465,0.8601
355,2025-12-22T00:00:00,41,942.527009926,67.5995932595,0,0,0,10470.6110804,0.8442
355,2025-12-22T00:00:00,42,929.517316149,48.7373161486,0,0,0,10514.474665,0.8334
355,2025-12-22T00:00:00,43,927.965586526,38.9197698596,0,0,0,10549.5024578,0.8092
355,2025-12-22T00:00:00,44,892.994375737,35.8365590701,0,0,0,10581.755361,0.7972
355,2025-12-22T00:00:00,45,819.521989239,32.6449059061,0,0,0,10611.1357763,0.7644
355,2025-12-22T00:00:00,46,1608.31160851,209.849137418,0,0,653.036221093,10800,0.6899
355,2025-12-22T00:00:00,47,867.260617151,0,0,0,53.3080504846,10800,0.86
355,2025-12-22T00:00:00,48,170.357552311,0,755.566197689,0,0,9960.48200257,1.1617
355,2025-12-22T00:00:00,49,137.230870484,0,782.929379516,0,0,9090.56046977,1.1683
355,2025-12-22T00:00:00,50,60.3939914708,0,796.398491863,0,0,8205.67325659,1.0956
355,2025-12-22T00:00:00,51,28.1101383604,0,777.240694973,0,0,7342.0724844,1.0849
355,2025-12-22T00:00:00,52,5.19186241497,0,769.829720918,0,0,6486.70612782,1.061
355,2025-12-22T00:00:00,53,0,0,725.909816667,0,0,5680.13966486,1.043
355,2025-12-22T00:00:00,54,0,0,651.19625,0,0,4956.58827597,1.036
355,2025-12-22T00:00:00,55,0,0,580.890366667,0,0,4311.15453523,1.0147
355,2025-12-22T00:00:00,56,0,0,514.086583333,0,0,3739.94722042,0.9922
355,2025-12-22T00:00:00,57,407.957183625,0,57.8636497082,0,0,3675.6542763,0.97
355,2025-12-22T00:00:00,58,592.252172626,133.932222626,0,0,0,3796.19327666,0.9422
355,2025-12-22T00:00:00,59,547.255926879,100.016443545,0,0,0,3886.20807585,0.9569
355,2025-12-22T00:00:00,60,0,0,401.280416667,0,0,3440.34094622,0.9977
355,2025-12-22T00:00:00,61,0,0,332.75015,0,0,3070.61855733,0.9919
355,2025-12-22T00:00:00,62,474.685388801,170.238055468,0,0,0,3223.83280725,0.9588
355,2025-12-22T00:00:00,63,389.797757695,92.0510910279,0,0,0,3306.67878918,0.9549
355,2025-12-22T00:00:00,64,0,0,240.6484,0,0,3039.29167807,0.9839
355,2025-12-22T00:00:00,65,358.850872969,141.588439636,0,0,0,3166.72127374,0.799
355,2025-12-22T00:00:00,66,1174.2232215,833.333333333,0,0,108.862388169,3916.72127374,0.5025
355,2025-12-22T00:00:00,67,1195.23178199,833.333333333,0,0,156.273081993,4666.72127374,0.4662
355,2025-12-22T00:00:00,68,1202.78389378,833.333333333,0,0,171.023143784,5416.72127374,0.5007
355,2025-12-22T00:00:00,69,1174.41807206,833.333333333,0,0,129.490572055,6166.72127374,0.4827
355,2025-12-22T00:00:00,70,1134.26283385,833.333333333,0,0,124.844000521,6916.72127374,0.4785
355,2025-12-22T00:00:00,71,1096.78397771,833.333333333,0,0,140.467211045,7666.72127374,0.4662
355,2025-12-22T00:00:00,72,1071.17813842,833.333333333,0,0,148.207721755,8416.72127374,0.4432
355,2025-12-22T00:00:00,73,1061.41986717,833.333333333,0,0,142.157817172,9166.72127374,0.4411
355,2025-12-22T00:00:00,74,1062.80462959,833.333333333,0,0,137.239829587,9916.72127374,0.4551
355,2025-12-22T00:00:00,75,1072.57504989,833.333333333,0,0,132.262966553,10666.7212737,0.4463
355,2025-12-22T00:00:00,76,1086.19817966,148.087473624,0,0,799.999889371,10800,0.4113
355,2025-12-22T00:00:00,77,1105.45863517,0,0,0,969.990418501,10800,0.5682
355,2025-12-22T00:00:00,78,297.415366777,0,0,0,155.228283443,10800,0.8279
355,2025-12-22T00:00:00,79,317.830976153,0,0,0,74.8532261532,10800,0.8636
355,2025-12-22T00:00:00,80,325.052708785,0,0,0,58.4225087849,10800,0.8416
355,2025-12-22T00:00:00,81,336.223959514,0,0,0,128.007709514,10800,0.8618
355,2025-12-22T00:00:00,82,375.748423611,0,0,0,141.575956944,10800,0.8623
355,2025-12-22T00:00:00,83,396.806662511,0,0,0,121.817695844,10800,0.9026
355,2025-12-22T00:00:00,84,0,0,299.585416667,0,0,10467.1273148,0.9754
355,2025-12-22T00:00:00,85,0,0,356.81415,0,0,10070.6671481,1.0002
355,2025-12-22T00:00:00,86,0,0,416.22045,0,0,9608.19998148,0.9978
355,2025-12-22T00:00:00,87,0,0,444.631666667,0,0,9114.1647963,1.0271
355,2025-12-22T00:00:00,88,0,0,441.71065,0,0,8623.37518519,1.0906
355,2025-12-22T00:00:00,89,63.6443070277,0,399.138826306,0,0,8179.8876004,0.9376
355,2025-12-22T00:00:00,90,1459.99242748,833.333333333,0,0,114.609510809,8929.8876004,0.6694
355,2025-12-22T00:00:00,91,1499.28986812,833.333333333,0,0,117.144501449,9679.8876004,0.66
355,2025-12-22T00:00:00,92,1540.90261794,833.333333333,0,0,98.5905012689,10429.8876004,0.7217
355,2025-12-22T00:00:00,93,1579.5393882,411.235999554,0,0,491.957138642,10800,0.7308
355,2025-12-22T00:00:00,94,1586.00550405,0,0,0,892.377804054,10800,0.7534
355,2025-12-22T00:00:00,95,784.154242328,0,0,0,60.5164256618,10800,0.7823
355,2025-12-22T00:00:00,96,844.778533423,0,0,0,63.7210334231,10800,0.8055
355,2025-12-22T00:00:00,97,880.883397806,0,0,0,64.658297806,10800,0.8271
355,2025-12-22T00:00:00,98,906.516460066,0,0,0,68.1642433991,10800,0.8519
355,2025-12-22T00:00:00,99,943.248512472,0,0,0,60.9135124716,10800,0.8791
355,2025-12-22T00:00:00,100,996.81975127,0,0,0,29.7808179363,10800,0.9024
355,2025-12-22T00:00:00,101,1036.7662226,0,0,0,25.2990559345,10800,0.9163
355,2025-12-22T00:00:00,102,1055.3949674,0,0,0,39.9683007306,10800,0.9264
355,2025-12-22T00:00:00,103,1064.67982044,0,0,0,16.9709204355,10800,0.9462
355,2025-12-22T00:00:00,104,1064.54179038,0,0,0,10.4379903753,10800,0.9742
355,2025-12-22T00:00:00,105,1071.29542009,0,0,0,37.0170867598,10800,0.9862
355,2025-12-22T00:00:00,106,1100.00006125,0,0,0,56.6646279118,10800,0.976
355,2025-12-22T00:00:00,107,963.605598053,0,0,0,47.1499813861,10800,1.0742
355,2025-12-22T00:00:00,108,745.953214231,0,0,0,23.053214231,10800,1.2313
355,2025-12-22T00:00:00,109,740.540315359,0,0,0,23.152182026,10800,1.2561
355,2025-12-22T00:00:00,110,772.389007712,0,0,0,33.7948077124,10800,1.2447
355,2025-12-22T00:00:00,111,748.637583932,0,0,0,39.7692505987,10800,1.2545
355,2025-12-22T00:00:00,112,751.983129989,0,0,0,38.8478966553,10800,1.2522
355,2025-12-22T00:00:00,113,490.91052251,0,233.468760823,0,0,10540.5902658,1.2881
355,2025-12-22T00:00:00,114,0,0,723.905,0,0,9736.25137686,1.3466
355,2025-12-22T00:00:00,115,0,0,725.970683333,0,0,8929.61728427,1.3523
355,2025-12-22T00:00:00,116,0,0,723.841916667,0,0,8125.34848797,1.3445
355,2025-12-22T00:00:00,117,0,0,724.088333333,0,0,7320.80589538,1.3483
355,2025-12-22T00:00:00,118,0,0,742.3855,0,0,6495.9331176,1.349
355,2025-12-22T00:00:00,119,0,0,755.866416667,0,0,5656.08154353,1.3473
355,2025-12-22T00:00:00,120,0,0,753.08,0,0,4819.32598797,1.3482
355,2025-12-22T00:00:00,121,0,0,744.720416667,0,0,3991.85885834,1.3513
355,2025-12-22T00:00:00,122,0,0,744.159466667,0,0,3165.01500649,1.34
355,2025-12-22T00:00:00,123,0,0,745.571666667,0,0,2336.60204353,1.3489
355,2025-12-22T00:00:00,124,0,0,733.705183333,0,0,1521.37406205,1.3952
355,2025-12-22T00:00:00,125,757.54063893,24.8512889296,0,0,0,1543.74022209,1.2226
355,2025-12-22T00:00:00,126,739.392540068,0,4.42412659881,0,0,1538.82452586,0.9332
355,2025-12-22T00:00:00,127,736.749163169,0,6.44860349791,0,0,1531.65941087,0.9068
355,2025-12-22T00:00:00,128,729.890552364,0,7.82378096963,0,0,1522.9663209,0.9371
355,2025-12-22T00:00:00,129,733.664761199,0,6.51357213464,0,0,1515.72901853,0.9371
355,2025-12-22T00:00:00,130,770.410914257,27.0579142569,0,0,0,1540.08114136,0.9871
355,2025-12-22T00:00:00,131,705.783220864,31.9362041977,0,0,0,1568.82372514,0.7764
355,2025-12-22T00:00:00,132,577.07637984,9.19304650714,0,0,0,1577.09746699,0.4209
355,2025-12-22T00:00:00,133,568.533165437,25.8814154374,0,0,0,1600.39074089,0.3859
355,2025-12-22T00:00:00,134,597.847074863,59.764974863,0,0,0,1654.17921826,0.4368
355,2025-12-22T00:00:00,135,601.33269153,75.7960248635,0,0,0,1722.39564064,0.4198
355,2025-12-22T00:00:00,136,598.285265781,59.2549324472,0,0,0,1775.72507984,0.4186
355,2025-12-22T00:00:00,137,599.765051756,44.1436517563,0,0,0,1815.45436642,0.4241
355,2025-12-22T00:00:00,138,604.80124258,45.5162425796,0,0,0,1856.41898475,0.4237
355,2025-12-22T00:00:00,139,606.455208401,50.2010584013,0,0,0,1901.59993731,0.4248
355,2025-12-22T00:00:00,140,610.250783921,56.2376339209,0,0,0,1952.21380784,0.424
355,2025-12-22T00:00:00,141,621.759402724,56.326069391,0,0,0,2002.90727029,0.422
355,2025-12-22T00:00:00,142,635.14568687,38.3345368701,0,0,0,2037.40835347,0.424
355,2025-12-22T00:00:00,143,627.995024104,19.3040241037,0,0,0,2054.78197516,0.4271
355,2025-12-22T00:00:00,144,611.785283813,20.4502838132,0,0,0,2073.1872306,0.4276
