day,date,plan_cost,emergency_cost,total,initial_energy,end_energy,plan_kwh,emergency_kwh,charge_kwh,discharge_kwh,unused_kwh
31,2025-02-01,21093.071312700595,291.088406979253,21384.159719679847,10800.0,8911.764484046496,40560.113604519116,94.57032982338742,18605.94977969503,16770.23128591112,4440.78950722527
32,2025-02-02,54772.21557630556,366.04866586909446,55138.26424217466,8911.764484046496,8971.774088272223,87555.27571643004,92.79133277184158,24991.379191723518,20189.008501492903,4489.4184089712735
33,2025-02-03,52552.194372920785,5996.252919953544,58548.44729287433,8971.774088272223,8462.206834362165,84326.85960722785,1319.677479173784,23644.046645251878,19610.288311173084,1395.8622523228003
34,2025-02-04,53144.77229941845,9008.89371325251,62153.66601267096,8462.206834362165,8476.994737783785,85469.54474641029,1905.83758077925,24042.4839312611,19461.10287124203,1599.1373171704809
35,2025-02-05,52319.11014738267,7681.921041389238,60001.03118877191,8476.994737783785,8547.316271288906,84210.58040909357,1650.103990729814,23881.873048118767,19281.02778882159,511.41215719287186
36,2025-02-06,52750.81500750455,3456.359350508365,56207.17435801291,8547.316271288906,7877.610287244431,84431.32063365336,747.8801189267651,23474.561282088333,19617.130024131577,1050.7122779567298
37,2025-02-07,19565.679874228186,2765.6795032452824,22331.35937747347,7877.610287244431,7805.27375572874,38347.32957282097,668.8902082904428,20388.302359805635,16579.62778980669,3401.865544445783
38,2025-02-08,18040.74093358522,8290.874980674545,26331.615914259768,7805.27375572874,8321.098601365627,35582.05862399619,1918.072567763768,19520.433130427777,15347.308474573301,1749.8438192388135
39,2025-02-09,51039.03225291102,10831.876772498304,61870.909025409324,8321.098601365627,8445.022084478225,82473.88555813428,2301.1883043148378,23324.063467093598,18780.960273544475,676.5547022333011
40,2025-02-10,51619.6052692459,2296.5169040518954,53916.122173297794,8445.022084478225,8374.433251629305,83188.072850673,523.9386191722866,24398.41819739643,19826.248689455133,4813.204378570654
41,2025-02-11,50629.369935959956,4197.408125165419,54826.77806112538,8374.433251629305,8429.96749239509,81910.81967507422,863.9758016659381,24143.89209806779,19506.5717827457,2916.8780280847363
42,2025-02-12,48664.08418566419,9582.934074915385,58247.01826057958,8429.96749239509,8374.423177418832,79175.09092368193,2037.0617606886863,23227.602874194246,18864.34821157597,1582.1618884190075
43,2025-02-13,48675.409666629566,3091.497841028861,51766.90750765843,8374.423177418832,7336.111676646859,78399.60434908648,852.3400034249188,21833.440084605765,18619.566819225434,4708.59207046441
44,2025-02-14,16653.14319355325,7137.871019126461,23791.01421267971,7336.111676646859,6334.1005921179485,32508.26818842615,2005.7089618821078,18758.992710403654,16096.594071502974,2049.776694740909
45,2025-02-15,17636.592997034393,9958.670577369394,27595.263574403787,6334.1005921179485,8120.582184249673,35006.07758504755,2603.3344478852778,21369.968263504867,15701.840860520384,2661.193529948348
46,2025-02-16,46128.24239953772,20127.860187109476,66256.10258664719,8120.582184249673,8386.470969123353,75688.73307681634,4214.506170497003,22137.85643374946,17692.363804950754,80.36751851465056
47,2025-02-17,46922.07333632058,4298.170631454102,51220.24396777468,8386.470969123353,8284.43140911512,76678.64508772861,1050.9944562159383,23266.182575241455,18937.443489952988,2217.037291989419
48,2025-02-18,46034.80314565294,8140.1006049545185,54174.90375060746,8284.43140911512,8402.700905804904,75453.04278820926,1943.8972469465998,23089.782645981475,18596.281396224185,812.0510020652365
49,2025-02-19,45687.12129758624,14305.172674308422,59992.293971894665,8402.700905804904,8154.55717750204,75008.95864127536,3276.318559827153,22519.854593554905,18464.41157625205,1350.506800466316
50,2025-02-20,44731.838489031215,7557.5300317466645,52289.368520777876,8154.55717750204,6455.086354540177,72930.6197186953,1737.0184427067834,21056.41481525976,18585.219741026085,1203.3093538350654
51,2025-02-21,16677.00455460739,5456.961203333207,22133.965757940598,6455.086354540177,5987.539715598078,32456.78956994217,1701.7681520646374,20302.771510180388,16866.03689829399,5161.561076787089
52,2025-02-22,18008.059124868796,9164.921572444513,27172.98069731331,5987.539715598078,8280.194111600702,35616.336725468296,2140.233405426295,21918.833926508618,15690.86652406962,3683.8398451222674
53,2025-02-23,45700.86474139306,6033.99421651302,51734.85895790608,8280.194111600702,8443.423192168275,75186.4227372575,1456.9356697247545,23188.033452437925,18635.400923963905,558.872195174906
54,2025-02-24,44221.70405770141,5157.540938926259,49379.24499662767,8443.423192168275,8464.256380416004,72915.88910439725,1194.020005597929,22895.227274187513,18526.38422266893,1538.0324418099467
55,2025-02-25,44280.08520016855,3269.6526277266266,47549.73782789517,8464.256380416004,8317.524262369476,72819.42934633199,905.6274829228424,22769.850016057346,18575.63741924832,3709.5209991124857
56,2025-02-26,43566.05959312678,8299.924113502027,51865.98370662881,8317.524262369476,8510.667859874031,71707.94470455535,1958.0560743393517,22049.371592705364,17686.161752337248,487.9429051932626
57,2025-02-27,41579.26861174079,12339.867462792176,53919.13607453296,8510.667859874031,6287.014694088684,67867.9716782528,2577.129545005256,19433.231194502725,17742.20511675401,1797.4909455093502
58,2025-02-28,16502.7143497614,5545.6582388854295,22048.37258864683,6287.014694088684,5923.875261789642,32183.013518567815,1461.0762397011429,20623.114772650602,17031.548454916123,6759.929890534479
59,2025-03-01,18221.11815570672,2009.0089837394003,20230.127139446122,5923.875261789642,8564.325087068382,35955.751772687494,453.03948505948546,23041.462996898517,16287.180184736935,5995.742512252054
60,2025-03-02,45085.0163358144,24055.343830333917,69140.36016614831,8564.325087068382,8584.089633184258,74047.76626178704,4604.82934182052,20510.095557057208,16595.389309712053,2379.582289595711
61,2025-03-03,43557.1287948291,23685.947445452293,67243.0762402814,8584.089633184258,8396.72456005007,71755.82428040184,4943.543117772569,20845.73238692223,17053.67179922778,890.1601771466346
62,2025-03-04,45315.72417792445,1451.7486635226862,46767.47284144714,8396.72456005007,8298.736634562027,74394.10802860725,414.88880558522317,23414.582242390024,19054.00074927516,1248.9574077442617
63,2025-03-05,44998.200209988594,2877.2001163676705,47875.40032635626,8298.736634562027,8468.458686712467,74148.8785235969,587.6910867394299,23741.563894526607,19077.91690763116,3942.4506067742273
64,2025-03-06,40738.57820287389,8530.917283488268,49269.49548636216,8468.458686712467,5352.443820694842,66223.22610835754,1880.846022923406,18622.82329247913,17888.900246323963,1429.494951792473
65,2025-03-07,15075.55876582612,8440.748158977602,23516.30692480372,5352.443820694842,4603.783731904495,29462.885007076424,1823.605411014012,18747.204162189853,15859.029451285087,7476.030173852342
66,2025-03-08,16486.80791068118,6272.3575238963185,22759.165434577495,4603.783731904495,8247.20857551934,33036.4795347045,1925.0988159165195,24141.574044271765,16275.592616606767,8032.457406289372
67,2025-03-09,41783.77037189389,3663.180757917852,45446.951129811736,8247.20857551934,8558.535356974293,69478.74261820062,872.565494450772,22471.449888,17921.680305970545,2468.0134806219326
68,2025-03-10,40490.79008443652,23488.030104557616,63978.82018899414,8558.535356974293,8348.152182854987,66977.53628126813,4472.781849204096,18847.288915592148,15455.648878337011,16.606643217080602
69,2025-03-11,41934.133050010016,5149.803361812481,47083.9364118225,8348.152182854987,8540.31140748768,69693.68298980217,1259.0756336397012,22091.937660690844,17721.52620299016,2643.428365741175
70,2025-03-12,40559.21560329498,4849.31861948775,45408.53422278273,8540.31140748768,8269.552051272083,67546.4832163192,1163.356474922973,21919.539989995104,17998.510812490076,2353.2758304037993
71,2025-03-13,38008.71698376683,28296.92603566793,66305.64301943476,8269.552051272083,4396.749762386652,61871.92255315293,5085.374960245722,14499.365724800755,15230.008297085487,142.32206901672816
72,2025-03-14,14610.205357759862,3912.7495028900385,18522.9548606499,4396.749762386652,3921.509968402245,28387.391781496557,1173.599299234742,19859.83877447037,16514.185221906966,10185.911544834556
73,2025-03-15,16600.478370980294,7343.690834251688,23944.16920523198,3921.509968402245,8153.251286059879,33219.73290739545,2128.2700580112073,24252.283030721388,15835.78206899246,6007.376853677731
74,2025-03-16,40748.58392661007,7036.856044456891,47785.43997106696,8153.251286059879,8658.284340230342,68136.63387932611,1799.327756482714,22223.558651239433,17546.552758750524,1907.9088099865637
75,2025-03-17,40669.50756733737,2148.4887261564613,42817.99629349383,8658.284340230342,8648.821419856244,67759.67458321025,610.2192022515574,22507.56660667582,18239.64557974411,6243.841325196767
76,2025-03-18,37819.26729147195,11950.89858382127,49770.16587529322,8648.821419856244,8262.800246131832,63580.3114336497,2661.5703574515037,21515.307106675544,17774.817812759156,1375.434130518171
77,2025-03-19,38118.34950185203,7819.35994620526,45937.70944805729,8262.800246131832,8584.20048885093,63867.37097249246,1793.199018399839,21939.62679469796,17481.837485258162,1737.3102314525022
78,2025-03-20,35586.28504213522,15884.504863985456,51470.78990612068,8584.20048885093,3916.228541756472,57943.77095041779,3376.5603612324167,15376.485229653626,16656.127788404447,391.0120537343897
79,2025-03-21,13926.535214417872,5935.996774955491,19862.53198937336,3916.228541756472,3612.141801283459,27309.47061951475,1886.6585118777061,21630.985007778945,17794.77592272665,13326.455529673503
80,2025-03-22,16592.584817092073,6428.194411128178,23020.77922822025,3612.141801283459,8349.446012281525,33590.141949562385,1576.4273558564923,25118.206843485117,16082.1737533247,10249.336481925107
81,2025-03-23,38002.27993389362,6342.504218942769,44344.784152836386,8349.446012281525,8602.20957268551,63744.33808510975,1379.7719491988487,21965.553581894106,17564.611196970654,1953.4475327184723
82,2025-03-24,37015.38002822346,7229.173154460859,44244.55318268432,8602.20957268551,8455.759732109946,61925.532435639514,1757.8871613055271,21402.278265851568,17467.650251857773,1750.2944996179085
83,2025-03-25,36848.328104040396,14770.399615147395,51618.727719187795,8455.759732109946,8333.14079898352,61898.6428466266,3216.980127244224,20449.75079960577,16674.655187494453,390.40264509288227
84,2025-03-26,36805.01288798587,2779.8195381002483,39584.83242608612,8333.14079898352,8410.867128068721,61838.77580169772,763.2844834469469,22275.153882281153,17972.92094847105,2707.272484667894
85,2025-03-27,34836.691436880945,7647.872314393118,42484.563751274065,8410.867128068721,3622.6605179729036,56856.325043103265,1838.7022348270611,15741.391693955007,17059.91322118979,1296.5594051651076
86,2025-03-28,13796.863786467526,3390.0428082096573,17186.906594677184,3622.6605179729036,3499.4624851320905,27382.69079262212,1097.5811141758047,21681.657580281924,17673.020869585096,13649.754429434424
87,2025-03-29,16343.964939841706,2262.045578638885,18606.01051848059,3499.4624851320905,8484.833983409035,33419.90912228886,669.6218082933583,28006.85878260386,18198.721265459873,16574.18423010489
88,2025-03-30,35234.79269445168,4971.163153321193,40205.95584777287,8484.833983409035,8483.92821530252,59132.80271529877,1264.972093126839,21459.616291300757,17383.104387249467,975.6432043743141
89,2025-03-31,34705.647615235386,19445.398312497826,54151.04592773321,8483.92821530252,8550.508012477516,57993.198268035136,3578.4509819411314,18635.59776890943,15034.912375359145,1019.5743730926648
90,2025-04-01,35038.221598007876,32319.54848012132,67357.7700781292,8550.508012477516,8551.263339700803,58528.8821026192,5529.255006402413,16260.17216936854,13170.059662687547,759.1730856739657
91,2025-04-02,35052.098707504396,27342.670125394026,62394.76883289842,8551.263339700803,8467.156656018726,58733.21975435242,5140.725575876348,18029.405369570046,14679.514364665607,88.71892532431147
92,2025-04-03,34030.38176022473,5724.61923056012,39755.00099078485,8467.156656018726,3349.86597055947,55882.882308999186,1328.5527341955503,15942.301100908857,17518.825508649497,2924.429184268738
93,2025-04-04,13446.378720484536,2019.0082964652906,15465.387016949826,3349.86597055947,3333.9961686476327,26967.70100994372,689.8967676283982,22266.824827239852,18050.41093178494,17010.381632117194
94,2025-04-05,15948.107510727648,9144.785384110726,25092.892894838376,3333.9961686476327,8371.844582862146,32920.3087768189,1909.8976817590326,26327.334974534537,16791.077756579907,13249.834257289976
95,2025-04-06,36092.40783024646,1794.2617650384066,37886.66959528487,8371.844582862146,8541.816986127838,61032.60711662859,431.2809338295433,21884.106683988703,17573.15125109172,2742.8563508944835
96,2025-04-07,35254.338292009095,2472.6653815470136,37727.00367355611,8541.816986127838,8367.970615658758,59497.45268499213,685.5261025254358,21148.699562559013,17286.908379094977,3078.468320720178
97,2025-04-08,35819.640641239916,4551.303471091265,40370.944112331184,8367.970615658758,8437.009005919406,60424.25209004059,999.6152176305162,21581.30845191965,17418.725294820335,2908.090533905106
98,2025-04-09,35001.654246361155,23160.983546977546,58162.6377933387,8437.009005919406,8426.891627426066,58877.296110906056,3928.3332336839185,17778.655252848155,14409.816395451013,302.47947052617826
99,2025-04-10,32779.792273966006,3924.7208909674714,36704.51316493348,8426.891627426066,3371.8940566388906,53484.82985255773,915.3515158607966,15588.02471204602,17175.79783046574,1527.3165868382307
100,2025-04-11,12902.475137735233,2180.5265608863424,15083.001698621576,3371.8940566388906,2928.176340936408,26113.324241012688,749.9211988202856,22181.622547641222,18366.460207721622,17731.432933246706
101,2025-04-12,16011.731986539933,685.6433906259105,16697.375377165845,2928.176340936408,8425.073441548227,33180.61573856105,256.46655158255413,28106.56147640159,17819.10740533465,14124.467669076648
102,2025-04-13,34369.52636239093,5018.907789267067,39388.434151657995,8425.073441548227,8552.252882652287,57976.90520312571,1032.9221755709507,20672.494450000726,16630.259007506935,691.2334528695404
103,2025-04-14,33784.25457972768,3154.8122218958383,36939.06680162352,8552.252882652287,8417.10566514767,57037.559725539904,845.9356217433402,20780.23024049733,16953.618990557,1528.8522973429137
104,2025-04-15,34467.77590980683,5009.8714795130045,39477.647389319834,8417.10566514767,8580.248679131302,57958.470689044116,928.2765922337929,21178.411164148532,17007.684330375054,4576.591614171071
105,2025-04-16,34256.38099985916,10294.606166280613,44550.98716613978,8580.248679131302,8380.40541045131,57739.010660767206,1872.173395690309,18737.283564499707,15357.05862905675,451.36717101459345
106,2025-04-17,31251.39211651276,6003.5089287993005,37254.901045312065,8380.40541045131,3126.8600633511696,50781.26038699697,1048.4648589743867,14042.357226081273,16102.500165515949,1021.5258354060446
107,2025-04-18,12479.850319467409,1805.8367888364437,14285.687108303853,3126.8600633511696,2795.1336348171935,25398.24485740882,609.0141405242878,21723.22220620272,17894.363772704783,15824.283381101835
108,2025-04-19,15357.214167493425,1081.74070702108,16438.954874514504,2795.1336348171935,8407.475514537595,32166.517300923217,403.2215810773667,27792.49057802706,17460.809676453573,15453.37873042708
109,2025-04-20,33162.47039940421,4309.209327703295,37471.679727107505,8407.475514537595,8638.73769975591,56063.288207376434,993.2182913787615,20849.55595944402,16680.004360453175,929.2100164310336
110,2025-04-21,32890.61765311099,1986.097635282679,34876.715288393665,8638.73769975591,8434.106633876556,55728.66434772117,539.4997174802445,20388.015342954786,16698.460387084804,4061.6987259980965
111,2025-04-22,32085.721854538504,9637.951041359976,41723.67289589848,8434.106633876556,8308.434554130858,53650.63450199157,1995.4175852473604,18570.629856009386,15155.315055138733,77.80796970161185
112,2025-04-23,33331.433764196685,2279.9719894820096,35611.40575367869,8308.434554130858,8563.467065573928,56475.822924547465,649.9736545876849,20037.542125238168,16000.879861144154,1689.2175983744419
113,2025-04-24,29668.78299634807,1922.4187801607707,31591.20177650884,8563.467065573928,2561.340842560352,48064.98287390963,416.13762716228825,13824.393767197867,16599.672552142485,4166.292586016551
114,2025-04-25,11616.89256566081,1993.497011131023,13610.389576791833,2561.340842560352,2144.7238902703184,24251.779011055496,532.7248934053227,23105.18207584921,19090.1527384989,18769.1169171105
115,2025-04-26,14253.546362316547,7886.218174307694,22139.764536624243,2144.7238902703184,7708.022494071358,30631.76476368557,1836.6448021318574,29191.72935335583,18638.33203279728,21844.818611925548
116,2025-04-27,29640.73595081478,15681.648137898625,45322.3840887134,7708.022494071358,7546.931519088108,49894.92497631097,3451.904173262669,18521.498831844143,15147.39593127868,1399.2550656748435
117,2025-04-28,31079.67120582854,45697.51116981271,76777.18237564125,7546.931519088108,7514.8940450160635,52004.31726733929,7689.3209661442825,12992.749843527276,10552.961099921933,631.8821732115761
118,2025-04-29,32156.19095738711,5779.438693718286,37935.629651105395,7514.8940450160635,8091.909946048728,54485.399606098654,1329.7903164896518,20101.34067646367,15762.771637006168,4043.407166464125
119,2025-04-30,31312.68192409424,2954.1319862015553,34266.813910295794,8091.909946048728,7897.031949470611,52537.44388510099,583.0036327668074,18697.356361599268,15320.248849815714,1486.4855727509
120,2025-05-01,28077.24865375243,19538.817655631592,47616.06630938403,7897.031949470611,1241.9631370685813,44755.14050258057,3905.904871587715,12508.311158500646,16121.293969547343,1262.6493852149881
121,2025-05-02,12205.507133906161,27465.570367801345,39671.07750170751,1241.9631370685813,1377.7626451817341,25280.067561117292,5383.606695462843,19146.9677677532,15386.824334578256,12613.210740071852
122,2025-05-03,15515.088939777674,14024.595767967685,29539.684707745357,1377.7626451817341,7578.941823113759,32666.92433202624,2804.3322540635536,27755.650105095345,16901.015324988406,15749.450155982859
123,2025-05-04,33288.31844638505,9955.275412298759,43243.59385868381,7578.941823113759,7979.920328571917,56177.5407533929,1857.4458894913894,19747.65720010214,15634.721677170388,2187.383786619239
124,2025-05-05,33867.88078765399,15857.326402344805,49725.20718999879,7979.920328571917,8274.369085022738,56649.66212951895,3068.051298345605,19542.040086439454,15564.04858921023,663.7151306353094
125,2025-05-06,33723.71076870847,10787.116698336617,44510.82746704509,8274.369085022738,8006.409282477311,56531.76656249869,2248.638574755933,19966.362334468125,16413.917313210066,2357.8777493299067
126,2025-05-07,34905.503609788815,9885.565625947156,44791.06923573597,8006.409282477311,8280.72094710808,58682.889392621946,1904.584363900397,20663.950539091205,16490.919438496177,1346.5967059273164
127,2025-05-08,33952.83972985868,5754.456061059965,39707.295790918644,8280.72094710808,2819.3775052823844,53619.454458017775,1008.8170779179392,13709.122872588458,16019.598624439774,1112.2348877870104
128,2025-05-09,13876.27003605953,2409.172167736714,16285.442203796243,2819.3775052823844,2592.213909915127,26555.104330799408,732.1306811271144,20655.73694653201,16935.594162521473,15067.70637791597
129,2025-05-10,17012.772231415627,7130.112033240511,24142.88426465614,2592.213909915127,8331.369923959823,34024.18362935983,1391.8103958946258,26394.58085716185,16214.370081660874,13114.737966420143
130,2025-05-11,35661.31998968091,9971.548944374137,45632.86893405505,8331.369923959823,8575.50724806935,59205.27239948807,1838.9976873856972,19559.821939092704,15623.732178966511,1624.1012434142624
131,2025-05-12,35865.74567250302,1941.5437772218822,37807.2894497249,8575.50724806935,8739.443052378092,59528.83814173644,465.4277472452815,20356.319915311175,16341.076907524188,4047.8276478614002
132,2025-05-13,35730.50129191367,877.2803533972526,36607.781645310926,8739.443052378092,8631.145488559103,59285.05052211275,183.16454398741834,20073.659289144132,16357.131831643836,2622.4748419331954
133,2025-05-14,35977.26301735317,2235.162562299807,38212.425579652976,8631.145488559103,8618.286145964154,59761.54032786151,546.7935013878969,19838.183033523346,16080.501665489364,3536.503677882083
134,2025-05-15,33888.57368439973,4108.273560262927,37996.847244662655,8618.286145964154,3475.692047984043,53126.06159730423,1083.4239597391336,13661.848938210647,15694.432328132732,3477.010663632103
135,2025-05-16,13772.842733102385,996.2963627537627,14769.139095856148,3475.692047984043,2204.6092404872757,25530.750229676778,457.447655444509,21655.142747345697,18684.640152097098,20302.18875653936
136,2025-05-17,17880.608630308772,7151.036688034112,25031.645318342882,2204.6092404872757,9063.477218184125,35044.14039146793,1393.4066277733343,27159.862724757506,15826.507627126413,14655.392838276824
137,2025-05-18,35716.02139189717,2170.324776442242,37886.34616833941,9063.477218184125,9363.030790169216,58038.32244304235,495.98200464795343,18754.77975563191,14921.77338727527,1025.1299793336455
138,2025-05-19,35036.95982865094,841.8503824623238,35878.81021111327,9363.030790169216,8765.347435729678,57449.70105411509,169.75435995905394,18664.3568538362,15656.044070602911,7095.926080840853
139,2025-05-20,34988.15412414084,7942.384518879315,42930.538643020154,8765.347435729678,8688.720471346714,57191.29301597349,1381.8593771688265,17519.08307532646,14259.421558959099,786.0960601082808
140,2025-05-21,34805.8106095016,2868.6927001759404,37674.50330967754,8688.720471346714,8254.835586017196,56742.71681121161,740.7976892864897,17864.733939129823,14860.930887491728,3117.0961655266497
141,2025-05-22,31188.045920678305,2475.71159401371,33663.75751469201,8254.835586017196,2568.1279899997126,48980.578317978296,540.9105360082193,11933.46932274534,14784.146987839466,1555.5357024139864
142,2025-05-23,13301.685429092777,2743.2878004135573,16044.973229506333,2568.1279899997126,2013.764744597624,25196.397774539284,909.4559858326836,20907.118140308732,17433.692614511954,16211.479351241862
143,2025-05-24,17044.484346891833,628.3983163652352,17672.882663257067,2013.764744597624,8400.028809301475,33828.123788693585,289.40188631733463,28561.41483515331,17387.108358240726,19188.717814764976
144,2025-05-25,34519.62464061787,1.0057359389747944e-10,34519.62464061797,8400.028809301475,8393.416689693115,56411.338111932564,1.9987567156931618e-11,18855.94926483924,15279.269812167298,4289.648475927322
145,2025-05-26,34005.9985023577,13164.934584279294,47170.933086637,8393.416689693115,7895.574443237719,55560.62716575589,2222.5380704946137,16521.432399691326,13830.41826555983,512.3181521190197
146,2025-05-27,33862.911982205296,971.6379598383861,34834.54994204368,7895.574443237719,7932.59611064133,55164.32391142976,445.16271733710084,18642.927058321726,15067.45141657734,2643.643687022491
147,2025-05-28,34119.19677336287,2949.0485828454684,37068.24535620834,7932.59611064133,8231.950278377944,55993.0716891383,654.1040176282754,18975.209736955218,15100.50113597078,498.64300578211567
148,2025-05-29,30042.682147386808,18464.649850863752,48507.33199825056,8231.950278377944,2043.5573176656285,47397.79671462045,3293.5046106811224,10253.702993688397,13875.053089528685,202.52792114184993
149,2025-05-30,13183.940398582392,9882.352597869265,23066.29299645166,2043.5573176656285,1777.9481502940994,25487.568291647236,2016.6372801331254,20046.9452328155,16477.07388921494,17338.100961513122
150,2025-05-31,16890.59139685858,4592.885696243884,21483.477093102465,1777.9481502940994,8443.83557260087,34048.12419330325,1100.6256605108958,28553.9767383262,17129.422477968135,15335.014043456082
151,2025-06-01,34130.048097082945,81301.24704555052,115431.29514263346,8443.83557260087,6890.127186171061,56555.061649255855,15322.737512489788,10796.370576486608,10143.397714740979,3.6060043839825084e-12
152,2025-06-02,35620.66837014558,61525.75537705114,97146.4237471967,6890.127186171061,7304.489834419419,59421.169690024886,12805.507840859673,16760.728225346014,13203.26347910675,28.405334645286075
153,2025-06-03,43729.50366290468,9651.410183784577,53380.91384668926,7304.489834419419,8218.19388029963,72486.70792849615,1972.5134825353825,22735.599614979874,17593.502046841506,1124.7570095598167
154,2025-06-04,43862.732383863346,12037.983974952574,55900.71635881592,8218.19388029963,8172.253548440191,72420.83526765827,2634.163718764016,21264.36874829439,17265.484984791958,1410.8544062531764
155,2025-06-05,42707.277190742265,8553.250594617113,51260.52778535938,8172.253548440191,2411.5346828239785,68156.16997806191,1776.6782357665452,16126.657852804568,18247.239839826285,904.1121841835
156,2025-06-06,18493.160346189034,23773.968805774195,42267.12915196323,2411.5346828239785,2456.767979326652,33574.368751482325,4699.308271714445,14819.251745628548,11962.883947106717,4562.313824674933
157,2025-06-07,22543.585549554107,3589.6911033302513,26133.276652884357,2456.767979326652,8330.65889552986,41862.2352273799,711.1444877760326,21153.917911698478,11848.171683892877,2141.120320683667
158,2025-06-08,55840.844451430865,3.546451310398879e-11,55840.8444514309,8330.65889552986,9725.972980703122,88958.51673278653,6.247447004170681e-12,26933.994804540114,20560.753115021555,17400.351776601317
159,2025-06-09,47389.32653298114,5023.614242571606,52412.94077555275,9725.972980703122,8657.571859297956,76816.16701228992,1052.221356169529,21359.33321988375,18262.620917370492,3838.9633326129015
160,2025-06-10,48608.15269971303,3585.5248700914335,52193.67756980446,8657.571859297956,8748.689960364727,78802.74936747161,746.2457665459794,23669.4158065408,19090.220512337954,3351.355606481436
161,2025-06-11,48130.855903893105,18399.19322427547,66530.04912816858,8748.689960364727,8719.414747739016,78375.22690542307,3869.3747863776066,22973.964400360277,18635.258855654964,1821.4498304287035
162,2025-06-12,48133.83794485983,2058.886167434415,50192.72411229424,8719.414747739016,3526.2552008265884,75271.64234579391,402.7157117807448,17450.45091163612,18808.70883064643,4580.224543251623
163,2025-06-13,19136.32922813113,3373.686389578341,22510.01561770947,3526.2552008265884,2983.0636474415646,33386.4984260726,822.3488792676902,13737.678983609241,11616.39237477001,3742.2469965010605
164,2025-06-14,22829.328307039206,375.18491797522216,23204.513225014427,2983.0636474415646,8490.400731991273,41617.91324621242,144.51615268439824,23347.16306081158,13954.598703162657,6176.522291247881
165,2025-06-15,54626.10243866526,4.8461309631875334e-11,54626.10243866531,8490.400731991273,10550.084992207918,86848.25231133713,9.50706180447014e-12,26296.84802803668,19446.731068514735,9371.161018481875
166,2025-06-16,51116.007807987706,266.96983978370156,51382.977647771404,10550.084992207918,9717.997301848238,81039.54965321052,99.0930452806841,22080.694444865916,18634.24142166511,4998.136858623702
167,2025-06-17,51182.552409910204,5754.329725648688,56936.88213555889,9717.997301848238,9394.469449404398,81551.23806268071,1324.2319903638786,23398.359527527784,19243.846284496958,4083.94559334711
168,2025-06-18,51264.16527315654,94.07413803666833,51358.23941119321,9394.469449404398,9711.232492614328,82214.72949939815,33.32571999217143,24691.70641452746,19715.195456878308,6343.153361741195
169,2025-06-19,47292.3259491021,953.6524961316097,48245.97844523371,9711.232492614328,3603.420753993767,73498.77741415461,206.02176668972433,16613.481785214826,18953.950810782517,7785.764006411986
170,2025-06-20,19885.62893342578,595.4758936490932,20481.104827074876,3603.420753993767,3421.2006983299393,33599.380519821505,273.51855808418196,15769.627285392926,12937.396151265712,8640.087093778491
171,2025-06-21,22986.759917431504,439.7034686402068,23426.46338607171,3421.2006983299393,9772.369185425003,41280.18685546978,202.07893281165,24132.87556021435,13831.577565388076,11846.22739345514
172,2025-06-22,46599.092386230535,5087.095790625257,51686.188176855794,9772.369185425003,9142.38389469454,75312.72265069041,1099.5204071519333,22523.538120715293,18811.05263943681,5242.416476563896
173,2025-06-23,46184.035870576656,5844.314226014691,52028.35009659135,9142.38389469454,8831.16588413433,74852.3946386451,1306.335924266511,21927.876304698446,18041.67601630993,5211.244274523103
174,2025-06-24,44953.578179691416,38557.28790840699,83510.86608809841,8831.16588413433,8694.253424420693,72821.45135184628,7775.526926081772,18956.1659291277,15477.715616335707,849.7357151360942
175,2025-06-25,47220.824022868495,8171.199695896617,55392.023718765115,8694.253424420693,8962.007097515798,76757.24462694446,1711.7576243871192,22179.120914112948,17724.109634645887,3576.5696051978416
176,2025-06-26,44048.30085403262,3079.8849640937306,47128.18581812635,8962.007097515798,2561.4660579170527,69117.52451648,643.6669674375244,16924.326904277816,19469.1917281039,4758.672474410288
177,2025-06-27,17988.085472580784,2222.775353795433,20210.860826376218,2561.4660579170527,2402.620679629509,31428.25637298686,952.7456059210774,17225.19085461228,14095.36543269473,9479.530690323738
178,2025-06-28,21363.86876342429,1814.9610995917446,23178.829863016035,2402.620679629509,8703.103859603874,39790.06606117271,640.2487614587566,22999.56441250574,12959.21231215273,8613.036605611784
179,2025-06-29,45979.04434402415,4192.334773524439,50171.37911754859,8703.103859603874,8915.4316434112,75287.71261148599,948.9978110705626,22704.599984564156,18199.630982070372,2463.9728867293943
180,2025-06-30,45607.838667366945,8483.499673541884,54091.33834090883,8915.4316434112,8376.984897863995,74415.69671400142,2040.9465622410212,22407.786030727948,18634.908755882123,2806.0820180632845
181,2025-07-01,45097.32725927489,35187.46093401527,80284.78819329015,8376.984897863995,7288.953079924046,73910.65165581119,8357.932140349963,19886.39440078454,17087.208100781427,602.8534628247265
182,2025-07-02,49917.09685083701,16298.062897105838,66215.15974794285,7288.953079924046,7918.501532092121,81025.73436963768,3827.221393339191,23541.691389448257,18502.17641850182,6908.674425363771
183,2025-07-03,48966.9955784314,12839.994667213716,61806.99024564512,7918.501532092121,2066.6965349117772,76364.02886994388,2840.642980446296,15805.744574896458,18069.27760312844,1707.785945288846
184,2025-07-04,24350.42424506136,6193.942114336868,30544.366359398227,2066.6965349117772,3094.399135963902,42165.004351109754,1609.1963757582973,19149.634391912856,14586.27151650251,10329.97038479103
185,2025-07-05,26309.254575438794,5650.6002919422535,31959.854867381047,3094.399135963902,8282.115533553046,47199.254110953836,1277.5608336886753,25044.591998921016,15617.174761295797,10259.31774035062
186,2025-07-06,49009.11945374848,30090.225093668523,79099.344547417,8282.115533553046,8316.886335586147,79245.12142246385,6128.298303174196,20919.045078942912,16913.132792113975,1573.5258888090912
187,2025-07-07,51359.94459249564,4216.5948805149255,55576.53947301056,8316.886335586147,8418.094658413465,82483.45791727734,1159.1728672956388,23079.284501692277,18603.132955826153,5756.99647204017
188,2025-07-08,58408.59221160109,933.8216298737807,59342.413841474874,8418.094658413465,10526.391972876529,92279.62248701922,187.03797682896206,25867.954080618747,19055.57522228443,10082.894588847164
189,2025-07-09,50654.824749106265,2676.773342177269,53331.59809128354,10526.391972876529,8997.00006163232,79966.60545265567,505.83868393444743,21209.385998706788,18556.05537907229,3760.3885002889792
190,2025-07-10,48403.890513709935,2394.37701253559,50798.26752624552,8997.00006163232,3352.691074973633,74904.31287177581,614.6759319565942,17061.05640595022,18899.333776812487,4503.642791261338
191,2025-07-11,23723.190255260655,4603.993949368714,28327.184204629368,3352.691074973633,2478.6158467539567,39863.58871073915,1391.7781829131322,16947.515822953774,14514.15552199027,6303.2294426887875
192,2025-07-12,27602.070387132106,3613.040237712802,31215.110624844907,2478.6158467539567,8553.453140741169,49072.057885016606,712.9714190769729,23911.11533645707,13900.649857941735,8690.320492244904
193,2025-07-13,50577.473161471426,2599.3867328568285,53176.859894328256,8553.453140741169,8628.52503697497,81210.20323287029,465.394021267291,22439.212772546955,18108.197639152615,8076.86172074325
194,2025-07-14,48654.15355497626,4949.536744354872,53603.69029933114,8628.52503697497,8686.969459744876,77956.9163359051,942.4640204984646,21915.260223790836,17698.76080077767,2875.2017167237414
195,2025-07-15,58954.14325159254,2.638887330874695e-11,58954.14325159257,8686.969459744876,10800.0,92736.83714779711,4.920508445138694e-12,26470.239937247312,19539.16686294073,13056.713490157144
196,2025-07-16,52735.73264979791,541.7122568160877,53277.44490661399,10800.0,9778.115887574439,83124.50814849137,131.7700482332806,21946.0437372651,18695.99112836775,7871.662204493929
197,2025-07-17,50772.44591184334,1903.3479210014682,52675.79383284481,9778.115887574439,4731.177793777135,78200.97983371808,414.47057783788983,17163.884352247616,18444.99060973815,7176.140602379849
198,2025-07-18,25730.172632179405,138.11479878601065,25868.287430965414,4731.177793777135,4121.292252954911,42122.8651024739,34.2929357631298,18068.030566862333,15184.00174589849,7998.881117273171
199,2025-07-19,28830.152974094766,148.72958627799176,28978.882560372756,4121.292252954911,9187.852926602003,49774.778647064835,58.63880047298878,25219.769837386724,15868.108962000873,13298.937522151975
200,2025-07-20,51487.64485761151,2450.326354439307,53937.97121205081,9187.852926602003,9814.61973548034,81825.81615794594,558.6945129747057,21864.186057775074,17145.90057880732,5576.246975286231
201,2025-07-21,52199.46177673015,1023.0928300469573,53222.554606777114,9814.61973548034,9584.43158343931,82684.16924688737,230.32976174676628,22610.772202351254,18521.894820741454,4835.872277024306
202,2025-07-22,51120.04534496772,6482.512903756219,57602.558248723944,9584.43158343931,9128.832135228273,81232.58995401059,1378.3729629009263,21534.6802539679,17853.130509103932,5134.268555380886
203,2025-07-23,51023.47754307201,2907.3036071090496,53930.78115018106,9128.832135228273,8863.364729065022,81342.91942222779,604.3084925522087,22065.203268409685,18111.73531295877,3777.2128426623967
204,2025-07-24,48192.43478710651,6959.950607718511,55152.38539482502,8863.364729065022,3834.474960756868,74824.15561954096,1542.9805020753488,16022.622611408551,17504.325106718257,4232.366616926016
205,2025-07-25,23743.566284583772,2077.4712000850473,25821.03748466882,3834.474960756868,2734.5587347354676,39461.9903807046,767.1402233284111,18078.65466007422,15633.63487807938,11278.791255371509
206,2025-07-26,27691.946528901048,1190.4652307241843,28882.411759625233,2734.5587347354676,8815.717200295201,48613.3470700076,470.0494319262541,25114.35007304358,14869.580940161557,10369.535802385133
207,2025-07-27,50025.62658198606,8989.299735240536,59014.92631722659,8815.717200295201,9315.901405263518,80032.65794576271,1845.2355389448587,22251.304503537543,17573.39086339393,3514.7900445639607
208,2025-07-28,50053.72842845985,14075.416949436412,64129.14537789626,9315.901405263518,8588.970393932961,79721.25057541457,2793.7999983437803,20323.285565077174,17116.09921791001,1352.9869932578672
209,2025-07-29,50361.1461082396,7658.941828725592,58020.08793696519,8588.970393932961,8852.700852471817,80647.94689520243,1519.118965258972,21895.201077450743,17497.755460050135,1700.3742930607823
210,2025-07-30,48529.887740756254,11080.898929309384,59610.78667006564,8852.700852471817,8537.63291327405,77906.86979493122,2418.726120389638,21529.36337682582,17722.3454805069,2415.3239690019195
211,2025-07-31,45682.35669566592,11884.57153515414,57566.92823082006,8537.63291327405,2756.4901081752437,71490.07774355091,2479.392724898271,15393.423850310834,17671.7018433407,1552.75219481239
212,2025-08-01,21605.611121096095,8562.03947212778,30167.650593223876,2756.4901081752437,2274.500106456901,36842.74268295967,2539.891355468848,19093.261904470284,15899.33314416744,14937.345611459008
213,2025-08-02,26805.21735321439,1025.2992743784416,27830.51662759283,2274.500106456901,8728.740201294504,47476.2531786069,254.49015056175006,27448.275112332336,16424.28675563536,15779.730039138318
214,2025-08-03,45638.77340802996,5795.545805524745,51434.31921355471,8728.740201294504,8299.236573259028,72991.60032279248,1008.4923361271138,20861.706857760375,17284.53582001784,7583.441637843714
215,2025-08-04,44481.185922940305,4591.9268071774,49073.112730117704,8299.236573259028,8455.329907306315,70624.5532382124,920.6163038300693,20596.23282515001,16542.464587728948,2075.746221288053
216,2025-08-05,44009.248854049016,2789.0260011862847,46798.2748552353,8455.329907306315,8199.968753139334,69709.25756831894,646.6659547160006,20157.16866502644,16557.131657421705,1603.5767820968467
217,2025-08-06,43872.640884776585,19240.7555310206,63113.396415797186,8199.968753139334,8146.200149340619,69708.09025137003,3958.7024850433413,18497.430696672793,15031.310607723804,2086.273380797717
218,2025-08-07,42251.89478870011,3411.9762898245453,45663.87107852466,8146.200149340619,2103.7879775114266,64818.961994062876,782.9184711154378,13987.355941310407,16767.9292671077,4994.468540975611
219,2025-08-08,22008.280913904553,4544.192598575432,26552.473512479984,2103.7879775114266,2093.4908896534957,37763.73663104771,1154.3871042988349,22044.32074696313,17865.167184112266,18963.798922495687
220,2025-08-09,24072.269839216573,5834.525163511076,29906.79500272765,2093.4908896534957,7511.668968126998,43280.34812282296,1453.1358862253103,28072.62203799675,17862.463580151216,15601.396551202743
221,2025-08-10,43908.554475206256,10521.799991107404,54430.354466313656,7511.668968126998,8310.433216005533,69293.42074609645,1800.7820475935268,19728.972067370476,15261.579551479404,1322.1912277988913
222,2025-08-11,44405.72239496258,4544.42433894145,48950.146733904025,8310.433216005533,8127.1306159077685,70210.34260733536,973.1990004241826,20361.63346688009,16657.895448260868,2918.550255807008
223,2025-08-12,43091.88930565574,21234.00470256332,64325.89400821907,8127.1306159077685,8243.815651941666,68157.11172165576,3917.2161023299764,18076.790625813104,14537.183874478109,774.1774226507179
224,2025-08-13,44478.20702255374,3245.14416638909,47723.35118894283,8243.815651941666,8647.377792025305,70475.93785215338,679.4959164300307,19913.627188118044,15766.832096300352,887.6592267657071
225,2025-08-14,40790.8544479156,9878.897415703148,50669.751863618745,8647.377792025305,2345.1547632821657,62271.98352792435,2118.28551609989,13472.268809995576,16584.538461965243,1576.2477126605868
226,2025-08-15,21959.625382417573,4239.465670354202,26199.091052771775,2345.1547632821657,2068.71556612511,37599.15024789153,1334.0879638074707,22528.45630149221,18496.84488165005,17741.899908523497
227,2025-08-16,24187.074881217224,8120.893966614429,32307.968847831653,2068.71556612511,7726.239706962738,43485.09387591054,1955.5655491331936,28625.285315715424,18094.709378975625,17980.803121637284
228,2025-08-17,42642.555120520905,5734.159303222477,48376.71442374338,7726.239706962738,8162.990004177639,66541.34042561242,1231.204322791048,20192.034884712197,15962.472989123464,377.5892361480446
229,2025-08-18,42558.98559695538,7737.9400067014785,50296.92560365686,8162.990004177639,7957.728089037046,66598.3524598832,1711.8760147697421,19812.957980967814,16233.231688210464,336.3865652289128
230,2025-08-19,42702.26085418502,7296.396847923261,49998.65770210828,7957.728089037046,7881.780074915933,66943.45763136666,1618.5944311501626,19373.059465815284,15760.531380019384,631.8639267209122
231,2025-08-20,42959.322909742325,36866.45925814045,79825.78216788277,7881.780074915933,7946.725762427406,67466.98402325416,6577.338724444486,16714.072524008418,13479.9476256865,159.5067827100342
232,2025-08-21,42127.39170536966,4142.277409928771,46269.66911529843,7946.725762427406,3031.2782623359744,64958.41059907577,921.4043343404087,14871.961975942133,16470.191950595425,1633.6264247361387
233,2025-08-22,21412.282007081158,16536.270787371814,37948.552794452975,3031.2782623359744,2434.0344220372003,36800.70157145021,3530.2623652428333,20345.819817088763,17017.633508110794,15772.20822771508
234,2025-08-23,24849.901323830833,4431.56112515608,29281.462448986913,2434.0344220372003,8323.381704060168,44589.059476705195,1149.5460984566073,27435.439822716045,16922.293702579336,12695.453305025085
235,2025-08-24,44202.7996184854,8022.411108464871,52225.21072695027,8323.381704060168,8567.157675762435,69866.19517775661,1758.5691356579719,21024.47171884538,16810.423717732716,3677.1268289685977
236,2025-08-25,43619.116934766236,30134.12778019417,73753.2447149604,8567.157675762435,8170.863393707773,68318.69627715823,5455.624401394781,16323.667182851035,13578.83527195854,256.4017509938376
237,2025-08-26,45048.4003854296,3198.4742516398555,48246.87463706946,8170.863393707773,8752.91082966126,71214.04871974375,727.6708606572175,21649.829304482377,17012.51904427259,1775.5909368578534
238,2025-08-27,44402.6463149294,12091.234971013888,56493.88128594329,8752.91082966126,8445.46244210834,69754.05081298486,2298.7651417171646,20310.471183964026,16728.185207808478,556.3811118798063
239,2025-08-28,42299.10501482333,23874.29795325521,66173.40296807855,8445.46244210834,2989.183471405088,64470.99741613581,4126.188113089804,12422.720757565972,14973.054887261362,379.7246755877013
240,2025-08-29,22838.115635980543,5361.400198496632,28199.515834477173,2989.183471405088,2918.7664141647365,38810.792649536714,1319.4627611448573,20958.43616171076,17039.70864250202,13656.30754147284
241,2025-08-30,25552.078374308563,4786.6643672220225,30338.742741530586,2918.7664141647365,8260.719933982406,45386.97699442099,1183.214970365272,29174.44138645887,18823.53935519579,17706.570100189823
242,2025-08-31,44937.85882895025,7612.325730427097,52550.18455937735,8260.719933982406,8883.879613189176,70780.5886845159,1634.253364590324,21112.754095431806,16540.48710601367,1195.9519763547248
243,2025-09-01,44778.78613139825,3.17668877869437e-11,44778.78613139828,8883.879613189176,10800.0,70345.1008032502,6.110667527536862e-12,22427.362631369393,16441.655383279467,10785.25902182695
244,2025-09-02,37100.020191024785,5768.660578297054,42868.680769321836,10800.0,9566.268055499315,57504.08603832126,1572.1506538827834,19063.924446253088,16552.137551515618,2506.6939474665814
245,2025-09-03,36413.62531074307,5120.657557009626,41534.28286775269,9566.268055499315,8194.93161598043,56662.08824290043,1375.4504338244913,17021.728298313516,15021.802717200932,489.8958456123537
246,2025-09-04,35165.93196358757,5855.698747347178,41021.630710934754,8194.93161598043,3699.556111302091,53325.641081024856,1560.058317497778,14861.93423649046,16084.004685767779,2182.2042977999363
247,2025-09-05,16195.094579793464,2951.4567827227193,19146.551362516184,3699.556111302091,2530.329820435415,28439.30368553955,1019.3990184542704,22023.597770705903,18891.417856051787,19502.261122673044
248,2025-09-06,19229.953126379907,5332.804127307769,24562.757253687676,2530.329820435415,8090.365670555481,35921.16195945124,1520.6444014650585,27427.80724761639,17212.491605461226,19505.407018761118
249,2025-09-07,35390.121676745664,13830.024788830015,49220.14646557568,8090.365670555481,7179.087891665274,55341.46386839284,2664.699522589446,17079.520012436322,14654.56121107461,620.2209729538733
250,2025-09-08,29457.701773931258,60824.782918034674,90282.48469196593,7179.087891665274,5819.821468656641,47535.53775904263,13136.964873302932,13159.330945894711,11882.39784688248,2.6147972675971687e-12
251,2025-09-09,35793.372092937294,13926.990258825372,49720.36235176267,5819.821468656641,7568.131975583717,57941.522118386456,3391.194933526253,21018.819291155894,15451.76416960191,2662.8276636920345
252,2025-09-10,34744.199999171295,47490.79361919203,82234.99361836333,7568.131975583717,7789.732633337192,55377.509529659175,9136.206295218864,14656.106461388154,11672.005641746277,213.61635523617633
253,2025-09-11,33608.81141203077,7324.44709480545,40933.258506836224,7789.732633337192,3168.32482896549,52470.253942807816,1821.771402286931,15842.808777431695,16991.942133654204,1945.0729179839357
254,2025-09-12,14659.752884410374,10849.521755134996,25509.274639545372,3168.32482896549,2284.32005403344,27071.096816375302,3255.8780663259067,21457.924103281846,18176.522821097144,15493.9174005165
255,2025-09-13,18933.446353309933,7597.948370911271,26531.394724221205,2284.32005403344,8421.545214729838,36393.73674591612,1883.0803689665663,29257.31121388878,18174.919438623154,19187.32385628372
256,2025-09-14,35792.461974401755,30561.54293900132,66354.00491340307,8421.545214729838,7613.233944277017,57511.401850071474,5309.091674232183,16754.14519646521,14298.337752544356,265.36133038280815
257,2025-09-15,29820.11591802354,46253.321676319814,76073.43759434336,7613.233944277017,6751.224184228583,48996.70893060516,10704.716007585539,17570.36487491316,15007.804332723248,2071.8337626674547
258,2025-09-16,33517.59694738981,38737.56624782914,72255.16319521895,6751.224184228583,7087.336915934224,55207.90037839743,8117.750100179772,18586.205456362135,14752.324961118244,4.376943252282217e-12
259,2025-09-17,34339.50689413369,40115.160623198164,74454.66751733185,7087.336915934224,7721.7793497507455,56362.49787151564,7739.041259276814,18354.520956009812,14296.163783933076,83.06355871572117
260,2025-09-18,31622.991178596163,36862.17471820939,68485.16589680556,7721.7793497507455,2960.4234179649247,49891.511468921315,7367.404282634512,13608.855095512212,15308.39296597213,2.402505349063915
261,2025-09-19,14161.683359282855,18410.60469934525,32572.288058628106,2960.4234179649247,2697.4044357786665,26929.237408954374,4979.474861243447,20683.703790244577,16990.517154065743,12114.17331735231
262,2025-09-20,17128.580719225378,23565.7699393597,40694.35065858508,2697.4044357786665,8043.773458087354,34065.20320993961,5093.131444645528,26170.18137849296,16386.11479650148,13728.834339260315
263,2025-09-21,37035.320806477204,12867.518490245613,49902.839296722814,8043.773458087354,8576.825922944692,61089.253080611124,2649.799024556225,20861.481012419386,16418.0524016881,1008.1360111027283
264,2025-09-22,37754.80375629114,11751.752564992348,49506.55632128349,8576.825922944692,8249.617520939448,61820.25223263927,2817.804927443892,21111.90838829033,17395.133356319882,307.26224477939536
265,2025-09-23,39115.22360520142,17793.091076750334,56908.31468195176,8249.617520939448,8560.651289578744,63943.19757167888,3594.1410562438878,20775.592158197665,16548.299256364746,1193.4301427564924
266,2025-09-24,39342.98765872634,9357.589428410667,48700.57708713701,8560.651289578744,8425.726769653405,64361.39992745849,2169.1756773136717,21431.259157111934,17480.751985193474,1516.8433328537071
267,2025-09-25,36977.64421384167,12949.915459155955,49927.559672997624,8425.726769653405,3914.8342709858184,58774.32598849659,3088.2778295972994,16273.258671225403,17241.14277249341,2495.039019361901
268,2025-09-26,16025.592569132266,5705.573040404313,21731.16560953658,3914.8342709858184,3579.5488348615536,29723.36001508469,1794.4986890659636,20907.134513029727,17236.53584806591,10153.016539186841
269,2025-09-27,18738.729604450295,17061.954349769367,35800.68395421966,3579.5488348615536,8094.208923302587,36082.65545580772,3667.074087357727,25967.290458980628,16970.311192177374,12951.448026362206
270,2025-09-28,40375.22700295047,16342.764209940624,56717.991212891095,8094.208923302587,8455.595221957607,66284.77577127509,3262.2212573334427,21275.28498478913,16907.733168889677,1691.8160460423883
271,2025-09-29,42028.79134373524,4594.253031078219,46623.04437481346,8455.595221957607,8385.92023910357,68180.59620352162,1002.8645485340564,21856.563522423272,17766.523937731483,2333.5295673638716
272,2025-09-30,41790.4288918735,18819.88511434247,60610.314006215965,8385.92023910357,8421.118128215287,67774.3338211009,3689.3270294952845,20355.064737801073,16455.924337418324,2142.3456835467678
273,2025-10-01,41564.30990545392,359.68493161200223,41923.99483706592,8421.118128215287,9789.320183668042,67835.07499464868,162.77734806254702,24475.59141320459,18593.847194788243,12454.586590961526
274,2025-10-02,39679.65031905129,309.79178686937024,39989.44210592066,9789.320183668042,6200.263543045795,62666.64160971521,129.33331112645777,18596.628634915876,18293.42017084188,10761.983340100993
275,2025-10-03,14306.69806616498,2700.827630038748,17007.525696203727,6200.263543045795,4717.65468099527,26796.79847483243,1195.3374280153926,23208.84987440387,20133.51637411261,17099.64870255655
276,2025-10-04,17611.697914427466,3919.5829769938337,21531.280891421302,4717.65468099527,9056.473958156063,34108.90120002864,1193.3841117484399,26831.355909008398,17828.460936852105,13203.40790628742
277,2025-10-05,37016.37821750868,2471.8071183805823,39488.18533588926,9056.473958156063,9239.313104863493,60765.93484222361,722.2819121788914,21106.67593117995,16931.852272219076,2577.432028774956
278,2025-10-06,38218.75585166524,1866.3022696170412,40085.05812128229,9239.313104863493,9205.190870267654,62021.97417557544,507.89554768016893,21104.471089018847,17125.331593241513,817.6209774782537
279,2025-10-07,38128.8694586136,4495.154804743663,42624.02426335726,9205.190870267654,9247.60194836344,61974.627507699865,1107.1600492661748,21154.94353273526,17097.33429122935,1252.6153154601238
280,2025-10-08,33744.9046409203,14172.530923224122,47917.43556414442,9247.60194836344,8261.687630768463,56371.5566186813,3070.264312720033,19997.050372131376,17084.933687261884,51.20857986517384
281,2025-10-09,33735.62908770151,11164.458588762704,44900.087676464216,8261.687630768463,4252.621679711224,55005.73817143202,2294.0242294255113,16789.374781882856,17207.552929276626,1957.9588649179675
282,2025-10-10,14049.187881226802,10174.742927133193,24223.930808359997,4252.621679711224,4206.128586286903,28057.469454988706,2696.378712328324,23690.180951193728,19230.89035454881,16950.94665400544
283,2025-10-11,17134.73608482314,5104.626723540228,22239.362808363367,4206.128586286903,8386.040690445187,34539.91182757753,1169.2518533765713,27246.489912529098,18307.735935406123,12664.096120497781
284,2025-10-12,36295.34662926692,16464.247035810462,52759.59366507738,8386.040690445187,8266.884858172303,60263.987612178746,2940.9638463885167,19838.909263068697,16176.756752131236,1027.8429642964688
285,2025-10-13,38143.84649976296,3841.1732774795755,41985.01977724254,8266.884858172303,8477.742954923515,62920.22863870778,855.742704648985,22068.949097850873,17686.076482183118,2365.703427689008
286,2025-10-14,37557.20293641717,15963.86117361893,53521.064110036095,8477.742954923515,8292.860669016995,61948.48565570541,3376.2299543307236,20283.20168795466,16595.78742455915,863.472063307276
287,2025-10-15,35976.92410593401,30554.086783679806,66531.01088961383,8292.860669016995,8319.391003503493,60144.18201867193,5515.21447835971,18500.16322363507,14961.25491010656,200.4645335031287
288,2025-10-16,35676.20557862043,23832.902263249598,59509.10784187003,8319.391003503493,4694.937660827103,58237.59809980649,4881.804918768042,16708.183868828728,16795.636942160025,240.38314190579416
289,2025-10-17,15064.582805703401,6106.594990163335,21171.177795866737,4694.937660827103,4738.631340807578,29867.740145033233,1363.233368772763,22755.14936377466,18392.346672675052,10863.971506039717
290,2025-10-18,16774.68145408736,7421.030570715548,24195.71202480291,4738.631340807578,8215.732240602909,33941.959942804875,1792.6176829609462,25797.176314813085,17766.322005182796,11627.130049468866
291,2025-10-19,39115.14155007815,18402.256078534425,57517.397628612576,8215.732240602909,8471.675381205121,65225.329257693316,3873.0253067426584,21726.894832539103,17368.435987814682,854.1731863782614
292,2025-10-20,40029.09812743632,14198.2875251843,54227.38565262062,8471.675381205121,8194.728842621935,66032.05992789283,2853.8003910388447,21161.097532936856,17389.74088640372,673.7213057318812
293,2025-10-21,40802.58142336206,16838.22772625305,57640.80914961512,8194.728842621935,8312.274187705816,67493.82577187946,3152.695900809297,20425.919150612855,16439.203701420927,197.22487349682302
294,2025-10-22,41878.31439229954,13463.579466380843,55341.89385868038,8312.274187705816,8379.188910522047,69279.3882635779,2695.62115197136,22483.87052211063,18151.711872375,2087.9540658136298
295,2025-10-23,41177.886328892026,3457.861790195271,44635.74811908729,8379.188910522047,5497.295949224453,66628.28088218856,693.9855548522919,19940.246357370946,18745.303214638305,2747.82626097489
296,2025-10-24,15732.899532896117,7983.905681635078,23716.805214531196,5497.295949224453,5277.981072570953,30711.41269308412,1989.6329485305373,21639.067137757087,17725.0277705714,10366.95555776229
297,2025-10-25,17386.439338417742,8062.847988477225,25449.287326894966,5277.981072570953,8342.869960937147,34638.35112184024,1862.58219852052,24991.060076678994,17484.358662580406,9595.799172928842
298,2025-10-26,42459.80266602685,2259.3251028068858,44719.127768833736,8342.869960937147,8567.887899239153,69697.88460258847,524.316974105028,22450.99938842491,17982.793360152362,1209.6835317542607
299,2025-10-27,42185.72147110144,8385.244919157014,50570.96639025845,8567.887899239153,8368.552149072524,69156.63740686937,1912.191195967468,21971.86963729553,17976.61658135935,3520.993880233981
300,2025-10-28,41982.00464639363,9967.37726644626,51949.38191283989,8368.552149072524,8450.311751342764,68845.53325710754,2091.167007883384,21412.51206116864,17270.551127503375,822.3176313256698
301,2025-10-29,42831.110827331606,20987.75385022674,63818.86467755835,8450.311751342764,8464.391453799986,70030.39883324526,3981.0933362040887,20286.04541328543,16419.025052549696,832.215008713618
302,2025-10-30,43044.19011574991,3186.098064581246,46230.288180331154,8464.391453799986,5964.527739324758,69452.03131618214,728.9982533858358,20603.010374637397,18938.315746483997,3728.5172914145764
303,2025-10-31,16800.14277010018,6221.31867096586,23021.461441066043,5964.527739324758,5771.27428425106,32157.595546262743,1422.7644172506077,19690.59808980128,16123.312562305366,6108.782369350765
304,2025-11-01,18136.73857192293,3404.2190784471823,21540.957650370114,5771.27428425106,8390.123614793289,35412.49081910118,1001.2215218536229,23497.34243012198,16675.8829709108,7048.214448410281
305,2025-11-02,44440.32135742779,7324.442506066384,51764.763863494176,8390.123614793289,8498.994982866361,72561.46876238481,1532.6166821116524,22891.67570749678,18444.273091806634,850.2988954729967
306,2025-11-03,44908.498369682275,5821.318068832217,50729.81643851449,8498.994982866361,8424.574297845744,73022.57731083065,1376.0594977821288,22351.030611417053,18171.313411766365,713.9893256287583
307,2025-11-04,45196.576622813256,5294.035631217031,50490.61225403029,8424.574297845744,8463.829121286117,73851.32544194399,1077.1029509655414,23540.329958445738,19032.33792524472,2840.364326375185
308,2025-11-05,45778.78891249122,3821.6971725848175,49600.48608507604,8463.829121286117,8679.87152506778,74290.83343146594,1008.878522041725,23349.970180190347,18719.03768255069,990.759389201296
309,2025-11-06,43795.652470423025,14012.694340891383,57808.346811314404,8679.87152506778,6250.3165462714915,70476.2826778527,3055.895314456884,19529.838515347354,18005.76867834802,638.523605310232
310,2025-11-07,17583.21182679151,3665.322162151182,21248.53398894269,6250.3165462714915,6187.879287581655,33436.9002280079,1019.7414491751377,20359.688461349306,16547.541186513787,7326.0326190141905
311,2025-11-08,18383.456140381553,1536.964766428036,19920.420906809588,6187.879287581655,8502.105704079288,35767.88965402931,469.716124917779,23341.077251777417,16823.46879909184,5928.790226261503
312,2025-11-09,45941.53013399113,10123.533399211194,56065.06353320232,8502.105704079288,8500.486667036508,74549.90375166603,2179.311271245653,22170.777035636638,17959.786532204176,1171.4073361458875
313,2025-11-10,46201.544639185326,17037.613169655164,63239.15780884049,8500.486667036508,8558.094679951651,74860.12340572028,3523.636607038501,21801.795846779703,17607.607424267928,331.12849024699256
314,2025-11-11,46946.735070781746,3881.183442591239,50827.918513372984,8558.094679951651,8367.503696679094,75903.19455229996,913.2038997648104,23360.37940046895,19093.439199325152,990.4385842542877
315,2025-11-12,47828.581630772685,2679.180514385106,50507.762145157794,8367.503696679094,8555.326970391958,77235.67991325985,552.2087567330516,23944.068058558354,19225.654181090697,2113.487042525245
316,2025-11-13,46296.18737909622,9055.508046311274,55351.695425407495,8555.326970391958,6980.674105305418,74103.21964593568,1950.6024393163705,20975.047178392113,18406.975793075504,1089.879383268794
317,2025-11-14,17902.632461804227,2702.4289154002427,20605.06137720447,6980.674105305418,6714.707300422539,33844.65882035435,695.763198262498,19855.040590220007,16321.9530024728,3408.879130869637
318,2025-11-15,18773.12605309853,3229.2048108773956,22002.330863975927,6714.707300422539,8528.814673877287,36135.92475350368,824.1971123364642,21591.37403650849,15856.316333462615,3013.1772461275805
319,2025-11-16,48806.602082604746,6910.783435434636,55717.38551803938,8528.814673877287,8452.812320140605,78391.86900074701,1554.756344310683,23115.819917571007,18792.216251595524,1188.4772957489129
320,2025-11-17,49406.296068571726,1799.9646240044162,51206.26069257614,8452.812320140605,8549.794532632573,79275.81418967682,544.5621191529908,23522.673168374207,18966.081275140332,2568.0300822625654
321,2025-11-18,48721.80989333068,8985.099995265273,57706.909888595954,8549.794532632573,8499.068473242474,78108.24216259026,2036.5756465129898,22353.329753116086,18151.850553475117,1052.7867761289544
322,2025-11-19,49250.74341158663,6743.6242529922365,55994.367664578866,8499.068473242474,8417.673141934738,79171.78964919054,1544.8890616380659,23429.317920916277,19051.003314119152,970.0525040314884
323,2025-11-20,49487.2323446308,4595.930521958361,54083.16286658916,8417.673141934738,7329.215558577239,78760.20530176454,1075.7918579037637,21956.250431620607,18764.17467463445,1850.8453693488016
324,2025-11-21,18294.993869987833,1926.9932651412519,20221.987135129086,7329.215558577239,7077.476569677988,34520.17852143777,744.465841287692,19384.56629084882,15928.063785596869,2943.7577908068333
325,2025-11-22,19149.277740418376,2896.744202355963,22046.02194277434,7077.476569677988,8444.400887720016,36654.40764700237,830.4414362216846,20446.433354465298,15331.379130879064,2149.9653763044853
326,2025-11-23,50623.25440133798,3453.94510251168,54077.19950384966,8444.400887720016,8581.70970463315,80937.28160551742,851.1197594636341,24190.019200472274,19470.337617160712,1836.623498336175
327,2025-11-24,50250.41566658548,3151.400288562544,53401.81595514803,8581.70970463315,8314.987158538504,80279.27837545885,722.8517186759282,23468.634389982904,19249.64414737133,2621.196151523208
328,2025-11-25,50311.47346129044,3496.9947635146164,53808.46822480506,8314.987158538504,8505.636721609819,80656.18918930499,910.4727584014983,23805.6164152839,19110.964689615783,703.3497553717309
329,2025-11-26,50399.33142807495,6489.92341464022,56889.25484271516,8505.636721609819,8657.534638102718,80610.0891504366,1451.0640804306672,23254.05506829888,18699.076480478485,748.5077597135647
330,2025-11-27,50250.265256660525,3343.5893566536615,53593.854613314186,8657.534638102718,7572.175321981373,79706.86166578214,816.7814164948046,22289.477348628603,19031.30003689838,1484.5730372134094
331,2025-11-28,18587.342161395,3022.1168149958885,21609.458976390888,7572.175321981373,7547.006501543089,35200.773360363906,797.6787295583756,19186.179133294474,15563.45703636298,1454.4914429907762
332,2025-11-29,19485.33088153482,14754.015973832255,34239.346855367075,7547.006501543089,8339.27382477963,37186.28669164752,2725.5738865984617,17391.63933412502,13374.18726972838,964.9584138493415
333,2025-11-30,52253.52484024942,9868.047303010793,62121.572143260215,8339.27382477963,8542.738659412886,83342.36544008767,2179.38820771431,23651.281803002465,18974.41990926207,600.0636373949354
334,2025-12-01,52508.869708676095,28210.427569287436,80719.29727796353,8542.738659412886,8306.876042115631,83742.69865410781,7125.646137221052,23632.914231579085,19354.936883146594,291.43970956301115
335,2025-12-02,53050.7444373766,35553.53176379483,88604.27620117142,8306.876042115631,8332.679762963384,84668.39876361907,8441.130706651416,23207.61265481245,18774.942901635102,39.04976709313249
336,2025-12-03,58763.60041770893,7372.628691121176,66136.2291088301,8332.679762963384,9381.36794967449,92342.58465583395,1853.391722386497,24993.127784458382,19300.614137371307,1340.7141644666801
337,2025-12-04,57702.96417078897,10384.094467906589,68087.05863869555,9381.36794967449,8999.547764806506,90317.28639795355,2710.6192544833084,24400.13639324163,20107.74864490691,1964.309154102135
338,2025-12-05,24571.070468890433,2497.6503800050905,27068.720848895522,8999.547764806506,9254.460186063512,46177.97167990985,829.578600234009,20662.856212006318,16507.49235259381,1540.558737398018
339,2025-12-06,24083.677126469687,6304.866161496389,30388.543287966077,9254.460186063512,8694.070171122674,45714.28587401209,1607.1768729224227,19156.57938442789,16021.180314833344,521.4328606733009
340,2025-12-07,59610.53983800348,3184.441506027898,62794.98134403138,8694.070171122674,9173.919662938328,93561.63462494407,793.2400021040013,25478.257323473925,20205.523889379798,1429.4599429539599
341,2025-12-08,64030.062695175046,102.78694450120992,64132.84963967626,9173.919662938328,9734.891857709767,99259.80552444779,23.571996798920907,26302.34228836905,20800.022278284632,5933.846394495572
342,2025-12-09,60785.3058054593,1556.9304923885597,62342.236297847856,9734.891857709767,8941.29762929748,94736.03946434007,346.70624270728445,24874.91024555831,20862.912104473296,3682.293299295665
343,2025-12-10,60337.310316278315,1847.4156700254352,62184.72598630375,8941.29762929748,8843.737950549103,94460.44190754385,525.7784280555974,25330.17923984712,20605.248895149693,1873.6715242354003
344,2025-12-11,60671.577606021834,249.83065266374336,60921.40825868558,8843.737950549103,8948.704515315496,94810.29801838152,68.38837462217506,25839.706325413103,20835.69221529487,3913.4175828854436
345,2025-12-12,24852.365289710644,1047.934336612056,25900.2996263227,8948.704515315496,8572.408062316523,47330.8713799465,445.44867481593565,20678.015715972346,17087.85953763669,471.75039309341923
346,2025-12-13,25561.718963006533,679.6552640812955,26241.37422708783,8572.408062316523,8954.911896694954,49149.40487066535,181.96060188213903,21679.78767150568,17216.374562979036,1069.4189806875095
347,2025-12-14,60581.07280996299,2433.8156756854623,63014.88848564845,8954.911896694954,8924.675734152826,95031.18570775626,572.2614017828854,25513.15963807511,20692.87185312876,2004.4375245927724
348,2025-12-15,64526.041297656586,272.96509542399707,64799.006393080585,8924.675734152826,9142.569248275033,100498.97348609741,55.74898236015099,26520.938865727694,21285.85631852944,5850.081954592596
349,2025-12-16,63564.324910589356,88.1587687852755,63652.48367937463,9142.569248275033,8856.028695948355,98859.6690415427,25.5291898791815,25973.864116746325,21296.716431658526,4789.95921300079
350,2025-12-17,62884.59111766525,610.5698096239055,63495.16092728916,8856.028695948355,8859.601784001934,98513.17553073597,129.90703228835264,25949.210098705993,21015.64440070364,5517.669798355337
351,2025-12-18,62705.250856703264,685.2427830206705,63390.493639723936,8859.601784001934,8873.283943355837,97884.0568107482,212.6679866864465,25840.920593471896,20918.83173729373,5808.368974589785
352,2025-12-19,26931.81046231113,502.38212807644345,27434.19259038757,8873.283943355837,8454.170801404942,51209.437979123504,173.41550651374297,22128.05365346577,18300.925287063073,4647.333819234559
353,2025-12-20,27024.609939884518,291.3681393989894,27315.978079283508,8454.170801404942,8812.386776813973,51776.349704139604,69.89269677090341,22404.68034618217,17825.39670253943,4410.606507267738
354,2025-12-21,61917.81638262606,1334.6041587191185,63252.42054134518,8812.386776813973,8953.415064269242,97008.90814670773,337.85865820694505,25771.766803057115,20748.20565176654,3285.4237869574563
355,2025-12-22,61360.13633932611,1889.3059954411556,63249.44233476727,8953.415064269242,8549.947693963502,96096.17329751112,460.07800055759026,25285.596401459497,20844.45371845736,3177.6815317332776
356,2025-12-23,61547.520299542935,571.4324348160891,62118.95273435902,8549.947693963502,8704.349921971823,96376.09312565524,139.68084230488944,25981.644472897562,20906.170017839526,4182.206979568749
357,2025-12-24,60723.58706817994,1904.2089442466408,62627.79601242658,8704.349921971823,8621.978503474686,95488.16489342133,369.9925012096252,25807.04381220225,20977.839764531247,3174.3940302932574
358,2025-12-25,60525.44487568015,2688.707361544939,63214.15223722509,8621.978503474686,8600.399938449631,94996.63482062222,678.4845993510348,25648.7442923131,20794.903585296168,3008.8301796229835
359,2025-12-26,25687.221342753874,1132.7754334893234,26819.9967762432,8600.399938449631,8724.21534378032,49203.44842094756,364.56763009953005,21616.22620202047,17397.70935883896,2341.8767745322516
360,2025-12-27,25276.812569307564,1111.495530306371,26388.308099613936,8724.21534378032,8561.414383642852,48876.945732735534,321.17041231976896,21485.274890101926,17549.59352510629,1923.625713392996
361,2025-12-28,60775.360142728096,2166.314307279439,62941.67445000754,8561.414383642852,8818.52625018639,95577.62732511006,418.49031562863547,25820.312714558648,20683.05261890331,4049.602795083343
362,2025-12-29,60855.44925104296,1378.6535460528569,62234.10279709582,8818.52625018639,8504.619639736926,95401.8686415131,364.0862215765954,25474.96892681884,20917.240780127788,3684.4604497319388
363,2025-12-30,59547.85858574159,1734.8570611877153,61282.715646929304,8504.619639736926,8537.899617004696,93832.59002129346,421.16084421904304,25434.342911137213,20571.865778480158,3166.8711328554514
364,2025-12-31,56051.89415878216,5750.079537828975,61801.97369661114,8537.899617004696,1200.0,85518.19970962682,1386.0927389684048,17194.941945544022,20532.012631194884,1594.9402009127257
