date,C0_yuan,C1_yuan,C2_yuan,saving_C0_C1,saving_C1_C2,saving_C0_C2
2025-02-01,22636.46041230812,22563.437275645967,22238.576843415343,73.02313666215196,324.8604322306237,397.88356889277566
2025-02-02,55959.652409414855,55768.737070904644,55216.75324361165,190.91533851021086,551.9838272929919,742.8991658032028
2025-02-03,57874.65867888,58774.97311475901,58742.64282895539,-900.3144358790087,32.33028580361861,-867.9841500753901
2025-02-04,58265.293750109035,58294.70259585307,58557.69454184827,-29.408845744037535,-262.9919459951998,-292.4007917392373
2025-02-05,58840.98860626482,59624.247839010495,58023.60515027346,-783.2592327456732,1600.6426887370326,817.3834559913594
2025-02-06,58890.077010277135,59545.74119284302,59631.704646455786,-655.664182565888,-85.96345361276326,-741.6276361786513
2025-02-07,24175.565020555045,24176.265938080047,23830.81466024745,-0.7009175250022963,345.4512778325952,344.7503603075929
2025-02-08,27748.214454861063,28120.365742211066,26888.499289533156,-372.15128735000326,1231.8664526779103,859.715165327907
2025-02-09,60261.881885679635,58611.69619223012,57771.28123495954,1650.1856934495154,840.4149572705792,2490.6006507200946
2025-02-10,53448.99089162862,54251.2257633548,53707.70531386946,-802.2348717261775,543.5204494853388,-258.71442224083876
2025-02-11,58296.62946006086,58709.27522760455,58601.42346572242,-412.64576754369045,107.8517618821279,-304.79400566156255
2025-02-12,55422.85492050573,59015.78965847144,60265.381448062006,-3592.934737965712,-1249.591789590566,-4842.526527556278
2025-02-13,52081.8749920911,52064.709684188725,51184.19060427096,17.16530790237448,880.5190799177653,897.6843878201398
2025-02-14,23360.704208399304,24194.883442748767,23497.276591024685,-834.1792343494635,697.6068517240819,-136.57238262538158
2025-02-15,26819.014886896293,26768.635978540176,27110.964197954243,50.37890835611688,-342.32821941406655,-291.94931105794967
2025-02-16,56338.871735390276,62121.01721405708,64802.75976479587,-5782.145478666804,-2681.742550738789,-8463.888029405593
2025-02-17,55512.78258772149,57302.66052983311,57016.02618456957,-1789.8779421116196,286.63434526354104,-1503.2435968480786
2025-02-18,61294.95436573933,59904.450422401234,55133.01416442358,1390.5039433380953,4771.436257977657,6161.940201315752
2025-02-19,62253.881499776406,61638.03503128074,56989.78832829554,615.8464684956634,4648.246702985205,5264.0931714808685
2025-02-20,52042.524385142046,54242.68359051805,53884.682832527265,-2200.1592053760032,358.0007579907833,-1842.15844738522
2025-02-21,22671.65689757093,22623.971988594916,22271.836268599956,47.68490897601441,352.1357199949598,399.8206289709742
2025-02-22,22905.022148633358,22685.76276112244,22598.49214140041,219.25938751091599,87.27061972203228,306.53000723294826
2025-02-23,54238.546116267535,53853.17429006621,56383.789504874374,385.3718262013281,-2530.6152148081674,-2145.2433886068393
2025-02-24,50323.11990147031,53386.92035143145,50293.94751099952,-3063.8004499611416,3092.972840431932,29.17239047079056
2025-02-25,49516.59926376505,50741.38737311929,51232.66202467143,-1224.7881093542383,-491.27465155214304,-1716.0627609063813
2025-02-26,61183.159555242004,59025.03869328532,50230.77274752866,2158.1208619566823,8794.265945756662,10952.386807713345
2025-02-27,52044.48561517214,51901.127031714495,50296.05706232507,143.35858345764427,1605.0699693894276,1748.4285528470718
2025-02-28,20183.59450482278,19790.205267561498,19726.000223639356,393.3892372612827,64.20504392214207,457.59428118342475
2025-03-01,20175.580541251562,20260.757007918226,20423.689886735432,-85.17646666666406,-162.93287881720607,-248.10934548387013
2025-03-02,51291.18544749377,53698.46432382015,52603.84590210182,-2407.2788763263816,1094.6184217183327,-1312.660454608049
2025-03-03,55103.774118483765,56628.88138288229,52714.871225740855,-1525.1072643985244,3914.0101571414343,2388.90289274291
2025-03-04,51857.66302039052,51340.822585318485,48760.46357936834,516.8404350720375,2580.359005950144,3097.1994410221814
2025-03-05,48102.134759413115,49149.679330704814,50402.633259051676,-1047.544571291699,-1252.953928346862,-2300.498499638561
2025-03-06,46016.26343375237,45498.401839502,45661.51179233065,517.8615942503675,-163.10995282865042,354.75164142171707
2025-03-07,18584.316391948465,18594.670141505077,18871.78119266057,-10.353749556612456,-277.1110511554907,-287.46480071210317
2025-03-08,23151.876185372115,23040.99125427021,22897.79391947208,110.88493110190393,143.19733479813294,254.08226590003687
2025-03-09,49592.826566107884,48060.169933082405,47590.24408525997,1532.656633025479,469.9258478224365,2002.5824808479156
2025-03-10,54711.12575036783,53884.31494255564,50841.603195021424,826.8108078121877,3042.7117475342166,3869.5225553464043
2025-03-11,75024.69215588564,64977.2234110092,47809.0001838493,10047.468744876438,17168.223227159906,27215.691972036344
2025-03-12,45601.57849922875,46382.936732734466,47257.60902744164,-781.3582335057145,-874.6722947071758,-1656.0305282128902
2025-03-13,48281.17572004699,48979.65575107999,48790.46102234461,-698.4800310330029,189.19472873538325,-509.28530229761964
2025-03-14,19150.491868536377,19379.689949106094,18943.0810712663,-229.1980805697167,436.6088778397934,207.41079727007673
2025-03-15,23745.391346718385,24385.826600083623,23983.31544244799,-640.4352533652382,402.5111576356321,-237.92409572960605
2025-03-16,47453.20965664586,51349.745697587445,47151.501834355775,-3896.536040941588,4198.24386323167,301.7078222900818
2025-03-17,47286.23145977619,45640.47274304407,45226.53863698306,1645.758716732118,413.9341060610095,2059.6928227931276
2025-03-18,45441.92230457404,48801.550642893715,48537.945109258355,-3359.6283383196787,263.6055336353602,-3096.0228046843185
2025-03-19,66308.23864666527,59627.807159618,44615.57518131808,6680.431487047266,15012.231978299918,21692.663465347185
2025-03-20,48697.81759975806,46636.287422194386,48020.682953344716,2061.5301775636763,-1384.3955311503305,677.1346464133458
2025-03-21,20909.319725190246,21481.849300049875,21114.291341712924,-572.5295748596291,367.55795833695083,-204.97161652267823
2025-03-22,18385.82594704646,18901.14665947526,18965.410449123734,-515.3207124287983,-64.2637896484739,-579.5845020772722
2025-03-23,44878.867320131874,46395.73953484481,45162.45025196423,-1516.8722147129374,1233.2892828805852,-283.5829318323522
2025-03-24,41793.12727707,43997.096668700426,43518.97511769315,-2203.969391630424,478.1215510072725,-1725.8478406231516
2025-03-25,47095.36115399319,49489.68118617746,49087.307713867776,-2394.320032184274,402.3734723096859,-1991.9465598745883
2025-03-26,43994.86379179166,42265.79365079978,40954.59569326452,1729.0701409918765,1311.1979575352598,3040.2680985271363
2025-03-27,40107.38101949157,42533.47858489002,42474.94699399539,-2426.0975653984497,58.53159089462861,-2367.565974503821
2025-03-28,16644.909390960944,18152.634456977892,18124.751480795898,-1507.7250660169484,27.88297618199431,-1479.842089834954
2025-03-29,20118.18034213899,20954.373077808243,19680.274372936576,-836.192735669254,1274.098704871667,437.90596920241296
2025-03-30,42128.62800076274,42524.14839890853,43933.460113290515,-395.52039814578893,-1409.3117143819836,-1804.8321125277726
2025-03-31,61968.10419874596,54752.24067176551,42226.85401219862,7215.863526980451,12525.386659566888,19741.25018654734
2025-04-01,46004.97063919696,45632.70252044083,43937.99094609689,372.268118756132,1694.7115743439354,2066.9796931000674
2025-04-02,44292.12981582428,44338.330634731996,43689.18280833678,-46.200818907716894,649.1478263952158,602.9470074874989
2025-04-03,39463.74500014098,39754.580888009965,39442.00706598171,-290.83588786898326,312.5738220282583,21.737934159275028
2025-04-04,15925.697957871515,17001.633216757225,16916.963488723235,-1075.935258885711,84.6697280339904,-991.2655308517205
2025-04-05,19364.919750511173,19688.091892703254,19746.26730388416,-323.1721421920811,-58.17541118090594,-381.347553372987
2025-04-06,39982.07014511518,40041.30884757625,39054.52619081232,-59.23870246106526,986.7826567639277,927.5439543028624
2025-04-07,44063.69265998007,43823.94748693689,39588.48297031337,239.7451730431785,4235.4645166235205,4475.209689666699
2025-04-08,40764.25889279298,41121.67478500583,40593.26535886215,-357.4158922128481,528.409426143684,170.99353393083584
2025-04-09,42823.137442253224,45225.4484240662,41693.737518054666,-2402.310981812974,3531.7109060115326,1129.3999241985584
2025-04-10,36840.45607704014,42158.30061788105,39840.85217386647,-5317.84454084091,2317.448444014575,-3000.3960968263345
2025-04-11,19570.65915197576,19611.633379955467,19012.838450974865,-40.974227979706484,598.794928980602,557.8207010008955
2025-04-12,17203.747505661082,17700.314995013694,18098.43642216349,-496.56748935261203,-398.12142714979564,-894.6889165024077
2025-04-13,40252.00091237295,40128.4343267464,39047.07658535158,123.56658562654775,1081.3577413948224,1204.9243270213701
2025-04-14,38827.5130121896,40815.28830775713,42944.39441083981,-1987.7752955675314,-2129.106103082675,-4116.881398650206
2025-04-15,38749.13218610101,41020.75822880137,36454.84765950012,-2271.6260427003654,4565.910569301253,2294.284526600888
2025-04-16,40333.516184136184,42668.86282103569,40861.359782895015,-2335.346636899507,1807.503038140676,-527.8435987588309
2025-04-17,48380.403343742866,47709.23224046901,35981.313590590966,671.1711032738531,11727.918649878047,12399.0897531519
2025-04-18,14246.954091327492,15654.57528770899,15918.311244215703,-1407.6211963814985,-263.7359565067127,-1671.3571528882112
2025-04-19,17668.715148351817,18609.04491281701,18227.861428716296,-940.3297644651939,381.18348410071485,-559.146280364479
2025-04-20,41784.15427253172,40794.70257774053,36964.41413349424,989.4516947911907,3830.288444246289,4819.74013903748
2025-04-21,38659.78346797095,39724.20576027379,40653.38619079358,-1064.4222923028428,-929.1804305197875,-1993.6027228226303
2025-04-22,45554.13147231762,44122.01744469317,38273.82858142964,1432.1140276244478,5848.188863263531,7280.302890887979
2025-04-23,51140.92298527048,46419.36778926875,37270.22908846187,4721.555196001733,9149.138700806878,13870.69389680861
2025-04-24,31714.136719573344,31797.272384638964,32686.564941105946,-83.13566506561983,-889.2925564669822,-972.428221532602
2025-04-25,14411.785221109396,15544.104586054706,15416.902707630576,-1132.3193649453096,127.20187842412997,-1005.1174865211797
2025-04-26,17386.468258659424,17839.09885235336,18155.28867535435,-452.6305936939352,-316.18982300099015,-768.8204166949254
2025-04-27,42581.019931616705,45723.864999155994,37829.01163587742,-3142.8450675392887,7894.853363278577,4752.008295739288
2025-04-28,40915.40993382667,45183.08899553938,39643.059296914136,-4267.679061712712,5540.029698625243,1272.3506369125316
2025-04-29,40326.23932715641,37948.305360481674,35722.89241407516,2377.933966674733,2225.4129464065118,4603.346913081245
2025-04-30,39591.55883764017,39555.28021047677,34319.111005233026,36.278627163403144,5236.169205243743,5272.447832407146
2025-05-01,47343.965958266934,47690.20516105751,46420.13428197403,-346.2392027905735,1270.070879083476,923.8316762929026
2025-05-02,25301.957895678537,26592.42793453098,26925.95195018525,-1290.4700388524434,-333.5240156542677,-1623.994054506711
2025-05-03,25843.031286163765,27068.6108984804,26910.585348129716,-1225.5796123166365,158.02555035068508,-1067.5540619659514
2025-05-04,43170.44827345976,44976.022979097135,48995.292219862036,-1805.574705637373,-4019.269240764901,-5824.843946402274
2025-05-05,41084.74978476615,41151.08305188869,43831.89190543535,-66.3332671225362,-2680.8088535466595,-2747.1421206691957
2025-05-06,54940.15904029945,57292.83715914193,45932.92391859763,-2352.6781188424793,11359.913240544294,9007.235121701815
2025-05-07,53602.943746752615,51591.63794190541,43471.04329813501,2011.3058048472085,8120.594643770397,10131.900448617605
2025-05-08,39573.2955671802,40511.78287553494,39346.80980547438,-938.4873083547427,1164.9730700605578,226.4857617058151
2025-05-09,17198.104269185103,16832.964575058784,16802.73589222216,365.1396941263192,30.228682836623193,395.3683769629424
2025-05-10,19883.747011922947,21274.750039253428,20440.179143591617,-1391.00302733048,834.5708956618109,-556.4321316686692
2025-05-11,42483.43461485853,43802.15855165595,42476.18135687377,-1318.723936797418,1325.9771947821791,7.253257984761149
2025-05-12,52403.74336393526,56733.83843561337,38408.40845956697,-4330.095071678108,18325.4299760464,13995.33490436829
2025-05-13,41376.391646489006,42778.37033906607,40175.010092587516,-1401.9786925770604,2603.360246478551,1201.3815539014904
2025-05-14,37644.08751537319,48034.89336189165,39055.07380830928,-10390.805846518459,8979.819553582369,-1410.9862929360897
2025-05-15,34950.832197102216,47715.49518024452,36194.83260762313,-12764.662983142305,11520.66257262139,-1244.0004105209155
2025-05-16,16155.874387749374,16388.525520859803,16340.963458766164,-232.65113311042842,47.562062093638815,-185.0890710167896
2025-05-17,19011.452222996795,19285.805091499653,19664.71930087515,-274.35286850285775,-378.9142093754963,-653.267077878354
2025-05-18,38362.68998607254,39367.149891824265,38382.91061016444,-1004.4599057517262,984.2392816598222,-20.22062409190403
2025-05-19,36268.66777890761,35979.27332797765,35867.65342981951,289.39445092996175,111.61989815814013,401.0143490881019
2025-05-20,48868.92268660814,47811.33855583331,38631.69262122364,1057.584130774827,9179.645934609667,10237.230065384494
2025-05-21,46384.0742182292,54366.44572276148,37868.424618608435,-7982.371504532275,16498.021104153042,8515.649599620767
2025-05-22,34486.43614413794,34019.23231465988,34032.221324359554,467.20382947805774,-12.98900969967508,454.21481977838266
2025-05-23,15753.551558496974,16624.930281459277,16987.145329426818,-871.3787229623031,-362.21504796754016,-1233.5937709298432
2025-05-24,18511.514948976368,18820.153230456403,18671.739903145906,-308.6382814800345,148.41332731049624,-160.22495416953825
2025-05-25,37413.11696233167,37162.33902930373,36151.656731515315,250.77793302793725,1010.6822977884149,1261.4602308163521
2025-05-26,61749.084139816434,53884.78084168061,39739.8953827088,7864.3032981358265,14144.88545897181,22009.188757107637
2025-05-27,42054.45844653356,52617.18721859686,38237.73479141221,-10562.728772063303,14379.452427184653,3816.72365512135
2025-05-28,37305.98154100137,37526.700965112264,36370.2965372304,-220.7194241108955,1156.404427881862,935.6850037709664
2025-05-29,42622.9088335387,52601.822658942656,38438.44002148296,-9978.913825403957,14163.382637459697,4184.46881205574
2025-05-30,16694.96392744167,16076.665605863134,15780.600587933543,618.2983215785353,296.0650179295917,914.363339508127
2025-05-31,19656.302288267045,20940.706450351227,20339.244037116747,-1284.4041620841817,601.4624132344798,-682.941748849702
2025-06-01,64823.87644048633,64253.804790048605,72345.59678254128,570.0716504377269,-8091.7919924926755,-7521.720342054949
2025-06-02,66571.49790298929,68105.33771240762,72393.28752590304,-1533.8398094183358,-4287.949813495419,-5821.789622913755
2025-06-03,56184.52368926258,57414.38121523807,55741.28826337129,-1229.857525975487,1673.0929518667836,443.2354258912965
2025-06-04,58363.729971770605,59761.76871772033,56131.6806526828,-1398.0387459497288,3630.088065037533,2232.049319087804
2025-06-05,57693.029978141836,58516.96676750662,53042.55352438403,-823.9367893647868,5474.413243122595,4650.4764537578085
2025-06-06,27502.25294186267,28360.54598545117,30639.72482551427,-858.2930435884991,-2279.1788400631012,-3137.4718836516004
2025-06-07,29812.621319936232,30457.76842584093,29592.764262948323,-645.1471059046999,865.0041628926083,219.85705698790844
2025-06-08,53421.110075103425,53465.45116251541,49714.13503382082,-44.341087411987246,3751.3161286945906,3706.9750412826033
2025-06-09,53001.41545655835,53156.82676913959,52269.663637571946,-155.41131258123642,887.1631315676423,731.7518189864059
2025-06-10,52110.343992269714,50808.54175187325,51156.3394009265,1301.8022403964642,-347.7976490532528,954.0045913432114
2025-06-11,59785.20870966263,57699.8465950022,55117.44086087755,2085.3621146604273,2582.4057341246516,4667.767848785079
2025-06-12,50615.49617352531,48664.297546502035,48258.04274740642,1951.1986270232737,406.25479909561545,2357.453426118889
2025-06-13,21704.71806833652,21706.684596267314,21905.962757287853,-1.9665279307955643,-199.2781610205384,-201.24468895133396
2025-06-14,23933.68203459325,23737.03397210177,25252.13833697681,196.64806249148023,-1515.1043648750383,-1318.456302383558
2025-06-15,63828.61599024958,64442.213415808255,53637.443832484234,-613.5974255586771,10804.769583324021,10191.172157765344
2025-06-16,56703.4880017297,60185.86708539919,52469.805684593375,-3482.379083669497,7716.061400805818,4233.682317136321
2025-06-17,59289.097194696595,62188.47649525108,54127.347751997164,-2899.3793005544867,8061.1287432539175,5161.749442699431
2025-06-18,53940.065587302575,60789.79075600814,51739.18791950269,-6849.725168705561,9050.602836505444,2200.877667799883
2025-06-19,50098.53524843005,53701.01698195867,50769.733945566964,-3602.4817335286207,2931.283036391709,-671.1986971369115
2025-06-20,21189.959819138563,21338.56248628521,20973.104285236735,-148.60266714664613,365.4582010484737,216.85553390182758
2025-06-21,23389.59649968527,23469.70672415991,23349.67779884339,-80.11022447463984,120.02892531652105,39.91870084188122
2025-06-22,54845.46517402445,56864.037143565154,52308.266560088356,-2018.5719695407024,4555.7705834767985,2537.198613936096
2025-06-23,49682.89363221916,51541.56382556438,48567.26249755091,-1858.6701933452205,2974.301328013469,1115.6311346682487
2025-06-24,57819.50668248633,56060.90119112826,57520.26643195284,1758.6054913580738,-1459.3652408245835,299.2402505334903
2025-06-25,55413.946936282664,57269.0791153007,52468.61504516619,-1855.1321790180373,4800.464070134512,2945.331891116475
2025-06-26,46851.06849856432,54982.90352888512,44740.05371253155,-8131.835030320806,10242.84981635357,2111.0147860327634
2025-06-27,21343.945445356196,21343.725949556192,20782.822094816886,0.21949580000364222,560.9038547393066,561.1233505393102
2025-06-28,23812.70532582011,23496.79737609454,23350.055485982568,315.9079497255698,146.74189011197086,462.64983983754064
2025-06-29,67859.98534921436,65793.53574195845,53070.46122687617,2066.4496072559123,12723.074515082277,14789.524122338189
2025-06-30,51537.03483409423,50984.64857350278,50973.27315271906,552.3862605914474,11.375420783719164,563.7616813751665
2025-07-01,117869.03311270972,114823.78716750811,89956.10813551303,3045.2459452016046,24867.67903199508,27912.924977196686
2025-07-02,83367.4248990552,81623.334870032,68916.20069187558,1744.0900290231948,12707.134178156426,14451.22420717962
2025-07-03,56970.72994617482,61491.66018066469,58911.83325401604,-4520.930234489868,2579.826926648646,-1941.103307841222
2025-07-04,31142.179665796415,31909.199782147254,31733.40483932518,-767.0201163508391,175.79494282207452,-591.2251735287646
2025-07-05,31099.901571119848,31549.470770704727,31441.968432004134,-449.56919958487924,107.5023387005931,-342.06686088428614
2025-07-06,82008.93967928873,82545.30120274151,61559.69436471313,-536.3615234527824,20985.606838028383,20449.2453145756
2025-07-07,55429.11420545707,55345.318055382886,55720.797931509354,83.79615007418033,-375.4798761264683,-291.68372605228797
2025-07-08,62433.320641927035,62433.320641927035,61508.39864743646,0.0,924.9219944905781,924.9219944905781
2025-07-09,54887.60855973829,55599.80812367222,54065.27338208472,-712.1995639339293,1534.5347415875003,822.335177653571
2025-07-10,51462.55742495383,52367.28226960252,50095.8051956593,-904.7248446486847,2271.4770739432206,1366.752229294536
2025-07-11,27522.6303142183,27652.77666009811,28312.79015363547,-130.14634587980981,-660.0134935373608,-790.1598394171706
2025-07-12,30204.719184191952,30705.089110881752,30074.888788287655,-500.3699266898002,630.2003225940971,129.8303959042969
2025-07-13,53355.52021427845,54504.82837846901,55280.890247264586,-1149.3081641905592,-776.0618687955794,-1925.3700329861385
2025-07-14,56504.577520338695,57373.118120334184,55175.01785984033,-868.5405999954892,2198.100260493855,1329.5596604983657
2025-07-15,60091.067313340485,60091.067313340485,58040.84756196242,0.0,2050.219751378063,2050.219751378063
2025-07-16,53290.345178047086,52819.58355857105,52242.250179726194,470.76161947603396,577.3333788448581,1048.094998320892
2025-07-17,54412.48792519534,55423.35819641064,52199.72849705154,-1010.8702712153026,3223.6296993591022,2212.7594281437996
2025-07-18,27570.944559664644,27570.944559664644,26967.529519327563,0.0,603.4150403370804,603.4150403370804
2025-07-19,30729.630135488,30729.630135488,29870.591718492666,0.0,859.0384169953359,859.0384169953359
2025-07-20,56649.94022117611,56503.011008535876,54556.55524555535,146.92921264023607,1946.4557629805277,2093.3849756207637
2025-07-21,54606.28603270564,54614.81736388898,53970.557352063326,-8.531331183337898,644.2600118256523,635.7286806423144
2025-07-22,55760.20050236293,68741.96359159103,54696.413503480144,-12981.763089228101,14045.55008811089,1063.7869988827879
2025-07-23,57073.9233383312,61580.77463537869,59113.87596667664,-4506.851297047491,2466.8986687020515,-2039.9526283454397
2025-07-24,53623.60928352224,54088.18900700234,52706.73101635887,-464.57972348009935,1381.4579906434665,916.8782671633671
2025-07-25,26381.308483714234,26782.954831394665,27109.90312912291,-401.64634768043106,-326.94829772824596,-728.594645408677
2025-07-26,28040.370705856843,27931.6101521397,27997.10670503912,108.76055371714392,-65.49655289942166,43.26400081772226
2025-07-27,62163.4039804633,64391.00596152716,57483.13843543245,-2227.601981063861,6907.867526094713,4680.265545030852
2025-07-28,59998.800929816054,58636.1169259425,56866.53815542376,1362.6840038735536,1769.5787705187395,3132.262774392293
2025-07-29,59759.72495246778,67213.77655221651,55270.71925901455,-7454.051599748731,11943.057293201964,4489.005693453233
2025-07-30,90566.12606830626,80950.56164200662,58243.98545595689,9615.564426299636,22706.57618604973,32322.140612349365
2025-07-31,72767.3638705335,68977.46382680071,56717.863086767946,3789.9000437327923,12259.600740032765,16049.500783765558
2025-08-01,31146.116361819193,31944.71514010687,32203.243972447246,-798.5987782876764,-258.52883234037654,-1057.127610628053
2025-08-02,28827.73789432258,28918.56511148461,28876.535724865043,-90.82721716203014,42.02938661956796,-48.79783054246218
2025-08-03,53534.16648103747,53997.481899467726,53001.67133901376,-463.3154184302548,995.8105604539669,532.4951420237121
2025-08-04,46668.26139483645,55451.1891277819,51026.45199524405,-8782.927732945449,4424.737132537848,-4358.190600407601
2025-08-05,49839.99488369659,57751.99497350855,48757.96646825961,-7912.000089811954,8994.028505248934,1082.0284154369801
2025-08-06,54067.88355670156,51631.96396227851,52586.09002397567,2435.9195944230523,-954.1260616971558,1481.7935327258965
2025-08-07,50397.67794416917,51071.34115457251,49189.789531352275,-673.6632104033415,1881.5516232202353,1207.8884128168938
2025-08-08,24737.881033673468,25233.724699166396,25660.194573442175,-495.84366549292827,-426.46987427577915,-922.3135397687074
2025-08-09,28445.320342075003,28726.95796219455,28913.26467665369,-281.6376201195453,-186.3067144591405,-467.9443345786858
2025-08-10,49619.012344862655,47825.24410185632,48780.75982232727,1793.768243006336,-955.515720470954,838.252522535382
2025-08-11,51352.90677234681,52227.46872173665,49526.30003125424,-874.5619493898412,2701.168690482409,1826.606741092568
2025-08-12,54548.81356487938,54293.54210494574,52637.77189016185,255.27145993363956,1655.7702147838936,1911.0416747175332
2025-08-13,62148.31139575093,57349.52103520258,50434.285119460845,4798.790360548344,6915.235915741738,11714.026276290082
2025-08-14,52948.33838075571,59676.43930763771,47332.025170881156,-6728.100926881998,12344.414136756553,5616.3132098745555
2025-08-15,27682.28577311168,27645.643335388824,27761.837954282215,36.64243772285408,-116.19461889339073,-79.55218117053664
2025-08-16,32259.234309229552,33308.50876474972,32263.119170951864,-1049.274455520168,1045.389593797856,-3.8848617223120527
2025-08-17,50979.04520449564,51571.52097993738,49837.14673782742,-592.4757754417369,1734.3742421099596,1141.8984666682227
2025-08-18,49401.81150129068,51753.86463205999,50082.0651378141,-2352.053130769309,1671.79949424589,-680.2536365234191
2025-08-19,48677.3050042252,49579.76224764608,50245.41966885441,-902.4572434208822,-665.6574212083287,-1568.114664629211
2025-08-20,57055.20875475847,58666.630367127116,56610.86990835706,-1611.4216123686492,2055.7604587700553,444.33884640140604
2025-08-21,46781.88153950639,47092.5575048332,47634.6360304566,-310.67596532681637,-542.078525623394,-852.7544909502103
2025-08-22,29479.29972450924,30215.95259311172,30696.864666424575,-736.6528686024794,-480.9120733128548,-1217.5649419153342
2025-08-23,30606.65887819105,30799.62233407586,29085.67168728563,-192.96345588480835,1713.9506467902283,1520.98719090542
2025-08-24,50220.896916009086,49034.47252253188,49291.48381612159,1186.424393477202,-257.011293589705,929.4130998874971
2025-08-25,58421.76430289881,58633.69654082103,55969.27924545709,-211.93223792222125,2664.4172953639427,2452.4850574417214
2025-08-26,47645.456257686295,53586.95209208444,48661.41163915783,-5941.495834398142,4925.540452926609,-1015.9553814715327
2025-08-27,55886.74102933696,67482.01177887543,51106.423491437745,-11595.270749538467,16375.588287437684,4780.317537899216
2025-08-28,73734.0278291289,67659.46216050822,54159.47312226375,6074.5656686206785,13499.989038244472,19574.55470686515
2025-08-29,26955.138021144736,27516.52938068476,27187.851318063556,-561.3913595400227,328.6780626212021,-232.71329691882056
2025-08-30,29080.269289721982,29280.55831233306,29913.323018022285,-200.28902261107942,-632.7647056892238,-833.0537283003032
2025-08-31,58356.6848989007,55524.35018200771,51020.96256769704,2832.3347168929904,4503.387614310668,7335.7223312036585
2025-09-01,48312.62435773774,48312.62435773774,46284.47285518728,0.0,2028.151502550456,2028.151502550456
2025-09-02,42281.532548097915,55736.62333497711,43606.42819300773,-13455.090786879191,12130.19514196938,-1324.8956449098114
2025-09-03,44681.49045053631,44065.90128507506,43630.84431782249,615.5891654612496,435.0569672525671,1050.6461327138168
2025-09-04,43895.231878054714,41418.005425267576,41522.32472891865,2477.2264527871375,-104.3193036510711,2372.9071491360664
2025-09-05,21035.361356167414,20690.36398931445,20193.21504125315,344.99736685296375,497.1489480613018,842.1463149142655
2025-09-06,23392.81828306282,22742.68361442129,23082.21213385398,650.1346686415309,-339.5285194326898,310.6061492088411
2025-09-07,51336.0814235571,57228.26920217232,42958.43251788843,-5892.187778615218,14269.836684283888,8377.64890566867
2025-09-08,71504.48931660147,71512.01940890265,68396.30264476695,-7.530092301181867,3115.7167641356937,3108.186671834512
2025-09-09,52628.1465374649,52955.82348193364,49910.74689591483,-327.6769444687452,3045.076586018811,2717.399641550066
2025-09-10,56180.799020090446,56992.25989906086,55306.27500115681,-811.4608789704143,1685.984897904047,874.5240189336328
2025-09-11,50336.45139709636,45383.91204529137,46198.81765462148,4952.53935180499,-814.9056093301115,4137.633742474878
2025-09-12,24747.96551281717,25393.051650579964,25371.61990038095,-645.0861377627953,21.43175019901537,-623.6543875637799
2025-09-13,24201.08407721942,23913.87315456828,23864.702453308775,287.210922651142,49.1707012595034,336.38162391064543
2025-09-14,45781.69476547136,47215.43986683015,47918.75726481038,-1433.7451013587925,-703.3173979802305,-2137.062499339023
2025-09-15,68796.34611506017,68646.15549236661,67028.09328038691,150.19062269355345,1618.0622119797044,1768.252834673258
2025-09-16,59097.856259875254,58812.41693706484,61004.49763819286,285.43932281041634,-2192.0807011280194,-1906.641378317603
2025-09-17,53967.784226702664,54373.16928305698,53596.15483695472,-405.3850563543165,777.0144461022574,371.6293897479409
2025-09-18,71892.31786399527,72440.96696540232,55712.16969732773,-548.6491014070489,16728.797268074588,16180.148166667539
2025-09-19,30120.263795573897,30512.70692431305,30746.408929502453,-392.4431287391526,-233.70200518940328,-626.1451339285559
2025-09-20,30955.282270667816,31313.748846282673,32910.88435429958,-358.466575614857,-1597.1355080169087,-1955.6020836317657
2025-09-21,48267.58932053435,51926.095550301136,51892.51921169374,-3658.506229766783,33.57633860739588,-3624.929891159387
2025-09-22,51467.7188635436,51056.28790696675,53937.73647697434,411.43095657685626,-2881.4485700075966,-2470.0176134307403
2025-09-23,48922.65881907901,49804.80534671739,52538.222251299434,-882.1465276383751,-2733.4169045820454,-3615.5634322204205
2025-09-24,67989.13643267058,65789.05857246953,49573.517484369775,2200.077860201054,16215.541088099752,18415.618948300806
2025-09-25,47004.78082734287,57472.88418135444,47318.74898707544,-10468.103354011575,10154.135194278999,-313.96815973257617
2025-09-26,24925.094459540054,24882.12410438917,25150.317359226414,42.970355150882824,-268.1932548372424,-225.2228996863596
2025-09-27,29946.858159149284,30154.37752361578,29296.564775182847,-207.5193644664978,857.8127484329343,650.2933839664365
2025-09-28,64228.35235941024,70649.07135833733,52493.280194336876,-6420.718998927092,18155.791164000453,11735.072165073361
2025-09-29,46508.99797386387,49837.99980212678,49710.121144171135,-3329.00182826291,127.87865795564721,-3201.1231703072626
2025-09-30,60643.138988901366,58986.14030432391,51051.204160679845,1656.9986845774547,7934.936143644067,9591.934828221521
2025-10-01,39986.27096444306,39693.077795448946,39128.17697753302,293.19316899411206,564.9008179159282,858.0939869100403
2025-10-02,41207.72979138694,41315.56941165513,39070.90379739037,-107.83962026819063,2244.6656142647626,2136.825993996572
2025-10-03,17762.23398584569,17726.085289164253,18035.09251639469,36.148696681437286,-309.0072272304351,-272.8585305489978
2025-10-04,20858.860167357103,21616.670145327753,21568.933225589146,-757.8099779706499,47.73691973860696,-710.073058232043
2025-10-05,41808.99185705977,43402.73659986702,41822.72384993613,-1593.7447428072483,1580.0127499308946,-13.731992876353615
2025-10-06,51962.74028679723,47559.06586693392,41204.89674522762,4403.67441986331,6354.169121706298,10757.843541569608
2025-10-07,45032.512408904746,44567.49368679517,41352.00275856755,465.01872210957663,3215.4909282276203,3680.509650337197
2025-10-08,59017.57836747804,58525.03651584041,48542.14336733949,492.5418516376303,9982.893148500916,10475.435000138546
2025-10-09,43607.4615467677,46412.965232929964,46538.48419410071,-2805.503686162265,-125.51896117074648,-2931.0226473330113
2025-10-10,23174.368777204563,23841.54609685648,24468.78039610097,-667.1773196519171,-627.2342992444901,-1294.4116188964072
2025-10-11,21510.389817017698,21548.69944697624,21712.106387880878,-38.309629958541336,-163.40694090463876,-201.7165708631801
2025-10-12,48904.859135781335,51162.70032762739,49579.5688918512,-2257.841191846055,1583.1314357761876,-674.7097560698676
2025-10-13,45870.6622678426,45754.33667536516,45190.92838453282,116.32559247744211,563.4082908323398,679.733883309782
2025-10-14,49240.278264820845,48578.98537366593,46966.889462457875,661.292891154917,1612.0959112080527,2273.3888023629697
2025-10-15,50202.302838275595,50973.078558943744,51940.06650866838,-770.775720668149,-966.9879497246366,-1737.7636703927856
2025-10-16,51448.353489277295,50321.089391186535,49879.751965985684,1127.26409809076,441.3374252008507,1568.6015232916106
2025-10-17,25245.788162733734,25193.63460558269,23259.808606199866,52.15355715104306,1933.825999382825,1985.9795565338682
2025-10-18,21547.20643200717,21498.92867133692,22630.60024089568,48.277760670251155,-1131.6715695587627,-1083.3938088885116
2025-10-19,51411.44376023242,50409.44270324387,54504.855871316846,1002.001056988549,-4095.413168072977,-3093.412111084428
2025-10-20,48866.7088882019,49682.66470263175,49403.70422306531,-815.9558144298499,278.9604795664418,-536.9953348634081
2025-10-21,51356.38322863547,51875.48020510346,50178.17931783384,-519.0969764679903,1697.3008872696155,1178.2039108016252
2025-10-22,54941.47553357904,54937.65078257571,49915.7379097131,3.8247510033324943,5021.912872862609,5025.737623865942
2025-10-23,52251.62267025175,53712.10130468762,50314.11293897828,-1460.4786344358654,3397.988365709338,1937.5097312734724
2025-10-24,23122.544322405276,23350.038471834872,23101.90921181181,-227.4941494295963,248.12926002306267,20.63511059346638
2025-10-25,23271.85767909552,23295.128487194943,23303.481381776823,-23.270808099423448,-8.35289458187981,-31.623702681303257
2025-10-26,48416.78245279881,50079.48322602187,49139.73590560533,-1662.7007732230559,939.7473204165362,-722.9534528065196
2025-10-27,49045.732903620665,58323.630091263105,47509.61693899827,-9277.89718764244,10814.013152264837,1536.1159646223969
2025-10-28,61873.32121544731,59388.806082055045,49113.665955146425,2484.515133392262,10275.14012690862,12759.655260300882
2025-10-29,52328.94741641389,51143.84143924043,50007.29135137856,1185.105977173458,1136.5500878618695,2321.6560650353276
2025-10-30,58581.169746055246,58382.13593337259,47917.58087345346,199.03381268265366,10464.555059919134,10663.588872601787
2025-10-31,20900.86605542513,21001.493177887634,21027.729517229956,-100.62712246250521,-26.236339342322026,-126.86346180482724
2025-11-01,21453.93967248584,21444.27819716494,21469.13839073548,9.661475320903264,-24.860193570541014,-15.19871824963775
2025-11-02,56864.47233329801,62998.55496043656,51416.25302064634,-6134.082627138552,11582.301939790217,5448.219312651665
2025-11-03,49568.75598582944,52227.5623057735,51208.0149485869,-2658.8063199440585,1019.5473571866023,-1639.2589627574562
2025-11-04,50939.65968706175,54800.67729520443,50561.80031987764,-3861.017608142676,4238.876975326784,377.8593671841081
2025-11-05,52532.2910015572,53862.99899304759,52433.837263033216,-1330.7079914903952,1429.161730014377,98.45373852398188
2025-11-06,56074.214659161866,57532.48459604592,52690.76810118273,-1458.269936884055,4841.716494863191,3383.446557979136
2025-11-07,21181.757994746364,21155.6820504378,20910.7000173701,26.07594430856261,244.98203306769938,271.057977376262
2025-11-08,20890.324059896982,21322.889678800788,21279.518927371297,-432.56561890380544,43.370751429491065,-389.1948674743144
2025-11-09,51045.48423212841,51798.23104166345,50758.93571278471,-752.7468095350414,1039.2953288787394,286.548519343698
2025-11-10,58121.27958092017,62252.07156000957,55121.88254292434,-4130.791979089401,7130.189017085235,2999.3970379958337
2025-11-11,51024.98865991334,52708.33503436955,52664.6423164618,-1683.3463744562105,43.692717907746555,-1639.653656548464
2025-11-12,51821.97199817174,57899.5865700784,51490.405222530055,-6077.614571906655,6409.181347548343,331.56677564168785
2025-11-13,59800.22026926785,59858.68200078036,54411.978028670885,-58.461731512514234,5446.703972109477,5388.242240596963
2025-11-14,19883.85079667209,19906.46551889668,19800.271758505936,-22.61472222458906,106.19376039074268,83.57903816615362
2025-11-15,22157.564673226214,22627.81378197696,22740.140272938042,-470.24910875074784,-112.32649096108071,-582.5755997118285
2025-11-16,59326.158332253166,59349.19818523369,53623.54134412619,-23.0398529805243,5725.656841107499,5702.616988126974
2025-11-17,64126.54686852118,67962.30414454718,52755.413374731186,-3835.7572760259936,15206.89076981599,11371.133493789996
2025-11-18,61544.37997240438,60278.83258576335,55391.99180355156,1265.5473866410248,4886.840782211795,6152.38816885282
2025-11-19,64478.11750279383,68624.92316839672,54998.86211510759,-4146.805665602893,13626.06105328913,9479.255387686237
2025-11-20,61676.90740796116,61549.54382311531,54290.75067708114,127.36358484585071,7258.7931460341715,7386.156730880022
2025-11-21,21660.600029033034,21761.799458425376,21469.259495374925,-101.1994293923417,292.53996305045075,191.34053365810905
2025-11-22,23047.539533823892,23085.50797391268,23079.513164073665,-37.968440088789066,5.994809839015943,-31.973630249773123
2025-11-23,61712.28061128692,62476.257706544086,53850.35164281145,-763.9770952571635,8625.906063732633,7861.928968475469
2025-11-24,60178.23598682517,60766.52856977255,54951.56410602895,-588.2925829473752,5814.9644637435995,5226.671880796224
2025-11-25,56738.08968698625,56889.66210457667,55514.2399409953,-151.57241759042518,1375.4221635813738,1223.8497459909486
2025-11-26,59554.25020951301,60068.13266438553,55797.10722725077,-513.882454872517,4271.025437134755,3757.1429822622376
2025-11-27,54956.39060328953,60613.41916485429,53395.85858804133,-5657.028561564759,7217.560576812961,1560.5320152482018
2025-11-28,23028.526755355742,23084.33027167813,22946.21880967972,-55.80351632238671,138.11146199840732,82.30794567602061
2025-11-29,24384.69249254606,24391.983221525636,23353.14813452637,-7.29072897957667,1038.8350869992646,1031.544358019688
2025-11-30,64667.83791880146,65641.6444983462,58657.85650759743,-973.8065795447401,6983.787990748766,6009.981411204026
2025-12-01,74512.65178003749,79740.26049551344,83037.80425848904,-5227.608715475959,-3297.5437629755907,-8525.15247845155
2025-12-02,77921.7976705148,79435.35380457934,81352.85862425716,-1513.5561340645363,-1917.5048196778225,-3431.060953742359
2025-12-03,81803.75430499339,84696.33608954288,66641.13887422244,-2892.5817845494894,18055.19721532044,15162.615430770951
2025-12-04,73624.78943425423,70967.632990481,69801.33159470928,2657.1564437732304,1166.3013957717194,3823.45783954495
2025-12-05,27227.222657364582,30444.93631581107,27833.65299811304,-3217.713658446486,2611.2833176980275,-606.4303407484585
2025-12-06,27931.94749003019,28702.402382363525,28736.643368755453,-770.454892333335,-34.240986391927436,-804.6958787252624
2025-12-07,64634.235170137246,66553.39235771791,66159.3975625324,-1919.1571875806621,393.9947951855138,-1525.1623923951483
2025-12-08,66026.40920347255,65822.48529648213,64909.61140705329,203.92390699041425,912.8738894288399,1116.7977964192542
2025-12-09,63551.64674176121,63638.38002870269,62923.66477085217,-86.73328694148222,714.7152578505193,627.981970909037
2025-12-10,68429.67259272243,68950.7455807267,62179.589529672776,-521.0729880042636,6771.15605105392,6250.083063049657
2025-12-11,61385.79578834102,61490.16749289678,61630.2091628017,-104.37170455575688,-140.04166990492376,-244.41337446068064
2025-12-12,27974.88299148918,34444.30691656491,28252.59395800252,-6469.423925075727,6191.712958562388,-277.7109665133394
2025-12-13,28629.965646766486,28895.815863437183,28044.339972313963,-265.8502166706967,851.4758911232202,585.6256744525235
2025-12-14,75616.02772681521,76480.66481977222,66048.8720068652,-864.6370929570112,10431.79281290702,9567.15571995001
2025-12-15,68664.09122845062,71381.29878658599,65214.523994665375,-2717.207558135371,6166.774791920616,3449.5672337852448
2025-12-16,64018.20248970407,64072.256758698015,63428.84943302849,-54.05426899394661,643.4073256695265,589.3530566755799
2025-12-17,64122.74684538927,64338.53727296428,62999.37037408376,-215.7904275750043,1339.1668988805177,1123.3764713055134
2025-12-18,63476.23244050248,63274.10425524845,62122.946479316066,202.1281852540269,1151.1577759323845,1353.2859611864114
2025-12-19,26634.346454220435,35616.597483961385,27980.179286428447,-8982.25102974095,7636.4181975329375,-1345.8328322080124
2025-12-20,26960.07572706253,27030.91504802083,26577.778316978623,-70.83932095830096,453.1367310422065,382.29741008390556
2025-12-21,63424.54314917431,63511.349758044766,64435.91351362462,-86.80660887045815,-924.563755579853,-1011.3703644503112
2025-12-22,64606.47506311894,64856.66848933281,62900.32359157476,-250.19342621387477,1956.3448977580556,1706.1514715441808
2025-12-23,63644.964386289066,62905.952367461876,62561.46152757225,739.0120188271903,344.4908398896223,1083.5028587168126
2025-12-24,62829.2622187042,62568.64047537678,62990.97584423388,260.6217433274214,-422.33536885710055,-161.71362552967912
2025-12-25,70027.63233780455,70894.22295676674,64078.86103654643,-866.5906189621892,6815.361920220312,5948.771301258123
2025-12-26,27252.903179958997,28665.349538961786,26749.228102567053,-1412.446359002788,1916.1214363947329,503.6750773919448
2025-12-27,27985.876653469004,26795.504779631752,27023.530495006173,1190.3718738372518,-228.02571537442054,962.3461584628312
2025-12-28,62278.822450496344,62312.27131003,62429.846571810005,-33.44885953365883,-117.57526178000262,-151.02412131366145
2025-12-29,64141.693691404784,65577.05832299854,62214.54053010568,-1435.3646315937513,3362.5177928928533,1927.153161299102
2025-12-30,64079.8139917818,63978.31541747199,63224.76131649609,101.49857430980774,753.5541009758963,855.052675285704
2025-12-31,62139.09628385856,61559.7012874879,60704.86710118882,579.3949963706618,854.8341862990783,1434.22918266974
